PLOTID,QuadrantID,Landscape_type,Landscape_type_2,Plot_type,Plot_type_2,Landscape_Plot,BIN_Richness,RL_Richness,BIN_Coleoptera,BIN_Diptera,BIN_Hemiptera,BIN_Hymenoptera,BIN_Lepidoptera,BIN_Orthoptera,BIN_Rest,Visit,Date start,Date end,Day start,Day end,Day mean,Duration,Biomass,Biomass_per_day,Excluded,Average_temperature,Average_humidity,Long-Term Mean Annual Precipitation,Long-Term Mean Annual Average Near Surface Temperature,point_x,point_y,Elevation
5636_4_A,5636_4,Agricultural,b,arable field,c,b_c,NA,NA,NA,NA,NA,NA,NA,NA,NA,3,NA,NA,NA,NA,NA,NA,NA,NA,1,NA,NA,8252333333,7761111111,3696825023,5580568146,562
5636_4_A,5636_4,Agricultural,b,arable field,c,b_c,NA,NA,NA,NA,NA,NA,NA,NA,NA,4,10.04.2019,16.05.2019,100,136,118,36,"8,98","0,25",0,7187474099,7487391104,8252333333,7761111111,3696825023,5580568146,562
5636_4_A,5636_4,Agricultural,b,arable field,c,b_c,311,5,24,209,5,54,12,1,3,5,16.05.2019,31.05.2019,136,151,1435,15,"17,65","1,176666667",0,1165239063,8410139063,8252333333,7761111111,3696825023,5580568146,562
5636_4_A,5636_4,Agricultural,b,arable field,c,b_c,NA,NA,NA,NA,NA,NA,NA,NA,NA,6,31.05.2019,15.06.2019,151,166,1585,15,"37,33","2,49",0,174561276,7609760417,8252333333,7761111111,3696825023,5580568146,562
5636_4_A,5636_4,Agricultural,b,arable field,c,b_c,291,8,19,150,4,64,36,9,5,7,15.06.2019,06.07.2019,166,187,1765,21,"117,8","5,60952381",0,1903589583,6761381439,8252333333,7761111111,3696825023,5580568146,562
5636_4_A,5636_4,Agricultural,b,arable field,c,b_c,NA,NA,NA,NA,NA,NA,NA,NA,NA,8,06.07.2019,20.07.2019,187,201,194,14,"54,38","3,88",0,1506929444,7633343333,8252333333,7761111111,3696825023,5580568146,562
5636_4_A,5636_4,Agricultural,b,arable field,c,b_c,474,13,33,231,16,117,51,11,7,9,20.07.2019,04.08.2019,201,216,2085,15,"91,21","6,08",0,195572526,724330625,8252333333,7761111111,3696825023,5580568146,562
5636_4_A,5636_4,Agricultural,b,arable field,c,b_c,NA,NA,NA,NA,NA,NA,NA,NA,NA,10,04.08.2019,19.08.2019,216,231,2235,15,"40,51","2,7",0,168381276,7894554688,8252333333,7761111111,3696825023,5580568146,562
5636_4_F,5636_4,Agricultural,b,forest,a,b_a,NA,NA,NA,NA,NA,NA,NA,NA,NA,3,NA,NA,NA,NA,NA,NA,NA,NA,1,NA,NA,8464,7490277778,37002325,5578926065,614
5636_4_F,5636_4,Agricultural,b,forest,a,b_a,NA,NA,NA,NA,NA,NA,NA,NA,NA,4,26.04.2019,16.05.2019,116,136,126,20,"7,33","0,37",0,7534605159,8017905357,8464,7490277778,37002325,5578926065,614
5636_4_F,5636_4,Agricultural,b,forest,a,b_a,458,5,32,290,7,90,26,3,5,5,16.05.2019,31.05.2019,136,151,1435,15,"25,92","1,728",0,1295019271,7892176823,8464,7490277778,37002325,5578926065,614
5636_4_F,5636_4,Agricultural,b,forest,a,b_a,NA,NA,NA,NA,NA,NA,NA,NA,NA,6,31.05.2019,15.06.2019,151,166,1585,15,"62,82","4,19",0,193853724,6829436979,8464,7490277778,37002325,5578926065,614
5636_4_F,5636_4,Agricultural,b,forest,a,b_a,387,11,16,198,2,71,82,4,8,7,15.06.2019,06.07.2019,166,187,1765,21,"198,4","9,447619048",0,2110126705,5979304545,8464,7490277778,37002325,5578926065,614
5636_4_F,5636_4,Agricultural,b,forest,a,b_a,NA,NA,NA,NA,NA,NA,NA,NA,NA,8,06.07.2019,20.07.2019,187,201,194,14,"27,13","1,94",0,1652929444,7139455,8464,7490277778,37002325,5578926065,614
5636_4_F,5636_4,Agricultural,b,forest,a,b_a,430,10,18,229,12,99,49,4,8,9,20.07.2019,04.08.2019,201,216,2085,15,"93,12","6,21",0,211029375,6648167448,8464,7490277778,37002325,5578926065,614
5636_4_F,5636_4,Agricultural,b,forest,a,b_a,NA,NA,NA,NA,NA,NA,NA,NA,NA,10,04.08.2019,19.08.2019,216,231,2235,15,"21,98","1,47",0,1771772917,7607216406,8464,7490277778,37002325,5578926065,614
5636_4_G,5636_4,Agricultural,b,meadow,b,b_b,NA,NA,NA,NA,NA,NA,NA,NA,NA,3,10.04.2019,02.05.2019,100,122,111,22,"3,57","0,16",0,9319778986,6920669203,8032,7681666667,3700131311,5580679993,551
5636_4_G,5636_4,Agricultural,b,meadow,b,b_b,NA,NA,NA,NA,NA,NA,NA,NA,NA,4,02.05.2019,16.05.2019,122,136,129,14,"1,38","0,1",0,6952555556,7907782778,8032,7681666667,3700131311,5580679993,551
5636_4_G,5636_4,Agricultural,b,meadow,b,b_b,238,4,28,148,3,40,8,0,6,5,16.05.2019,31.05.2019,136,151,1435,15,"12,57","0,838",0,1293307031,7857261719,8032,7681666667,3700131311,5580679993,551
5636_4_G,5636_4,Agricultural,b,meadow,b,b_b,NA,NA,NA,NA,NA,NA,NA,NA,NA,6,31.05.2019,15.06.2019,151,166,1585,15,"27,39","1,83",0,1940338542,6824966927,8032,7681666667,3700131311,5580679993,551
5636_4_G,5636_4,Agricultural,b,meadow,b,b_b,281,6,16,156,8,43,37,6,12,7,15.06.2019,06.07.2019,166,187,1765,21,"63,8","3,038095238",0,2096721212,5970224811,8032,7681666667,3700131311,5580679993,551
5636_4_G,5636_4,Agricultural,b,meadow,b,b_b,NA,NA,NA,NA,NA,NA,NA,NA,NA,8,06.07.2019,20.07.2019,187,201,194,14,"28,11","2,01",0,1682324722,7031095833,8032,7681666667,3700131311,5580679993,551
5636_4_G,5636_4,Agricultural,b,meadow,b,b_b,211,6,7,111,10,36,25,7,10,9,20.07.2019,04.08.2019,201,216,2085,15,"29,48","1,97",0,210828776,6763895052,8032,7681666667,3700131311,5580679993,551
5636_4_G,5636_4,Agricultural,b,meadow,b,b_b,NA,NA,NA,NA,NA,NA,NA,NA,NA,10,04.08.2019,19.08.2019,216,231,2235,15,"17,94","1,2",0,1834729948,751545026,8032,7681666667,3700131311,5580679993,551
5637_3_A,5637_3,Urban,c,arable field,c,c_c,NA,NA,NA,NA,NA,NA,NA,NA,NA,3,NA,NA,NA,NA,NA,NA,NA,NA,1,NA,NA,7578333333,7724722222,3702728561,5582170587,558
5637_3_A,5637_3,Urban,c,arable field,c,c_c,NA,NA,NA,NA,NA,NA,NA,NA,NA,4,26.04.2019,16.05.2019,116,136,126,20,"5,27","0,26",0,771803373,8106917857,7578333333,7724722222,3702728561,5582170587,558
5637_3_A,5637_3,Urban,c,arable field,c,c_c,183,1,14,128,7,18,11,0,3,5,16.05.2019,31.05.2019,136,151,1435,15,"8,18","0,545333333",0,1293298177,8079604427,7578333333,7724722222,3702728561,5582170587,558
5637_3_A,5637_3,Urban,c,arable field,c,c_c,NA,NA,NA,NA,NA,NA,NA,NA,NA,6,31.05.2019,15.06.2019,151,166,1585,15,"13,05","0,87",0,1973385417,6848577083,7578333333,7724722222,3702728561,5582170587,558
5637_3_A,5637_3,Urban,c,arable field,c,c_c,215,5,18,123,6,37,21,1,8,7,15.06.2019,04.07.2019,166,185,1755,19,"21,4","1,13",0,2180854167,5758726667,7578333333,7724722222,3702728561,5582170587,558
5637_3_A,5637_3,Urban,c,arable field,c,c_c,NA,NA,NA,NA,NA,NA,NA,NA,NA,8,04.07.2019,19.07.2019,185,200,1925,15,NA,NA,1,1664347656,6742295573,7578333333,7724722222,3702728561,5582170587,558
5637_3_A,5637_3,Urban,c,arable field,c,c_c,217,6,22,102,12,29,21,8,9,9,19.07.2019,04.08.2019,200,216,208,16,"12,73","0,8",0,2169855637,6332207598,7578333333,7724722222,3702728561,5582170587,558
5637_3_A,5637_3,Urban,c,arable field,c,c_c,NA,NA,NA,NA,NA,NA,NA,NA,NA,10,04.08.2019,19.08.2019,216,231,2235,15,"6,53","0,44",0,1813529948,727016224,7578333333,7724722222,3702728561,5582170587,558
5637_3_G,5637_3,Urban,c,meadow,b,c_b,NA,NA,NA,NA,NA,NA,NA,NA,NA,3,08.04.2019,02.05.2019,98,122,110,24,"21,74","0,91",0,8465093333,7072747,7751666667,7689166667,3703446049,5580414331,519
5637_3_G,5637_3,Urban,c,meadow,b,c_b,NA,NA,NA,NA,NA,NA,NA,NA,NA,4,02.05.2019,16.05.2019,122,136,129,14,"0,58","0,04",0,6653855556,8090741111,7751666667,7689166667,3703446049,5580414331,519
5637_3_G,5637_3,Urban,c,meadow,b,c_b,309,3,20,206,6,54,13,0,6,5,16.05.2019,31.05.2019,136,151,1435,15,"14,31","0,954",0,1295042448,7911505729,7751666667,7689166667,3703446049,5580414331,519
5637_3_G,5637_3,Urban,c,meadow,b,c_b,NA,NA,NA,NA,NA,NA,NA,NA,NA,6,31.05.2019,15.06.2019,151,166,1585,15,"41,18","2,75",0,1902758333,7071595052,7751666667,7689166667,3703446049,5580414331,519
5637_3_G,5637_3,Urban,c,meadow,b,c_b,388,20,22,221,8,44,68,6,14,7,15.06.2019,04.07.2019,166,185,1755,19,"170,7","8,98",0,2028195625,6459821875,7751666667,7689166667,3703446049,5580414331,519
5637_3_G,5637_3,Urban,c,meadow,b,c_b,NA,NA,NA,NA,NA,NA,NA,NA,NA,8,04.07.2019,19.07.2019,185,200,1925,15,"90,78","6,05",0,1574870313,7137833073,7751666667,7689166667,3703446049,5580414331,519
5637_3_G,5637_3,Urban,c,meadow,b,c_b,397,16,21,240,6,42,63,8,12,9,19.07.2019,04.08.2019,200,216,208,16,"98,76","6,17",0,2020189216,702427402,7751666667,7689166667,3703446049,5580414331,519
5637_3_G,5637_3,Urban,c,meadow,b,c_b,NA,NA,NA,NA,NA,NA,NA,NA,NA,10,04.08.2019,19.08.2019,216,231,2235,15,"42,5","2,83",0,1759540104,7657040885,7751666667,7689166667,3703446049,5580414331,519
5637_3_U,5637_3,Urban,c,settlement,d,c_d,NA,NA,NA,NA,NA,NA,NA,NA,NA,3,08.04.2019,02.05.2019,98,122,110,24,"16,2","0,68",0,9405756667,6392828667,7172333333,77475,3706417544,5579381856,536
5637_3_U,5637_3,Urban,c,settlement,d,c_d,NA,NA,NA,NA,NA,NA,NA,NA,NA,4,02.05.2019,16.05.2019,122,136,129,14,"4,63","0,33",0,7449811111,7469876667,7172333333,77475,3706417544,5579381856,536
5637_3_U,5637_3,Urban,c,settlement,d,c_d,335,5,25,225,14,48,15,0,3,5,16.05.2019,31.05.2019,136,151,1435,15,"12,26","0,817333333",0,1426761979,7253577604,7172333333,77475,3706417544,5579381856,536
5637_3_U,5637_3,Urban,c,settlement,d,c_d,NA,NA,NA,NA,NA,NA,NA,NA,NA,6,31.05.2019,15.06.2019,151,166,1585,15,"26,57","1,77",0,2150063802,6084426563,7172333333,77475,3706417544,5579381856,536
5637_3_U,5637_3,Urban,c,settlement,d,c_d,421,10,20,236,20,73,56,2,7,7,15.06.2019,04.07.2019,166,185,1755,19,109,"5,74",0,2257735625,5436733125,7172333333,77475,3706417544,5579381856,536
5637_3_U,5637_3,Urban,c,settlement,d,c_d,NA,NA,NA,NA,NA,NA,NA,NA,NA,8,04.07.2019,19.07.2019,185,200,1925,15,"36,09","2,41",0,1703611719,6478504688,7172333333,77475,3706417544,5579381856,536
5637_3_U,5637_3,Urban,c,settlement,d,c_d,379,13,27,176,33,71,48,12,5,9,19.07.2019,04.08.2019,200,216,208,16,"50,09","3,13",0,2210038971,6229236275,7172333333,77475,3706417544,5579381856,536
5637_3_U,5637_3,Urban,c,settlement,d,c_d,NA,NA,NA,NA,NA,NA,NA,NA,NA,10,04.08.2019,19.08.2019,216,231,2235,15,36,"2,4",0,1867368229,7171442448,7172333333,77475,3706417544,5579381856,536
5728_2_A,5728_2,Agricultural,b,arable field,c,b_c,NA,NA,NA,NA,NA,NA,NA,NA,NA,3,10.04.2019,29.04.2019,100,119,1095,19,"15,17","0,8",0,1081336875,6020234792,5974,8961666667,3603896377,5573385043,292
5728_2_A,5728_2,Agricultural,b,arable field,c,b_c,NA,NA,NA,NA,NA,NA,NA,NA,NA,4,29.04.2019,15.05.2019,119,135,127,16,"2,75","0,17",0,8860536765,7537288725,5974,8961666667,3603896377,5573385043,292
5728_2_A,5728_2,Agricultural,b,arable field,c,b_c,206,6,17,137,7,31,7,1,4,5,15.05.2019,31.05.2019,135,151,143,16,"21,5","1,34375",0,1374165196,7837019363,5974,8961666667,3603896377,5573385043,292
5728_2_A,5728_2,Agricultural,b,arable field,c,b_c,NA,NA,NA,NA,NA,NA,NA,NA,NA,6,31.05.2019,14.06.2019,151,165,158,14,"56,17","4,01",0,1911021667,7457440278,5974,8961666667,3603896377,5573385043,292
5728_2_A,5728_2,Agricultural,b,arable field,c,b_c,270,5,15,168,7,39,33,0,4,7,14.06.2019,01.07.2019,165,182,1735,17,"89,7","5,28",0,2251015278,6661225694,5974,8961666667,3603896377,5573385043,292
5728_2_A,5728_2,Agricultural,b,arable field,c,b_c,NA,NA,NA,NA,NA,NA,NA,NA,NA,8,01.07.2019,16.07.2019,182,197,1895,15,"42,08","2,81",0,1805019792,6579458333,5974,8961666667,3603896377,5573385043,292
5728_2_A,5728_2,Agricultural,b,arable field,c,b_c,203,3,23,102,9,36,15,4,6,9,16.07.2019,01.08.2019,197,213,205,16,"86,75","5,42",0,2284516912,6204250245,5974,8961666667,3603896377,5573385043,292
5728_2_A,5728_2,Agricultural,b,arable field,c,b_c,NA,NA,NA,NA,NA,NA,NA,NA,NA,10,01.08.2019,16.08.2019,213,228,2205,15,"39,21","2,61",0,1923509896,7181365625,5974,8961666667,3603896377,5573385043,292
5728_2_F,5728_2,Agricultural,b,forest,a,b_a,NA,NA,NA,NA,NA,NA,NA,NA,NA,3,10.04.2019,29.04.2019,100,119,1095,19,"27,98","1,47",0,1234229583,5677078542,6899666667,8481944444,3603249002,5570272775,380
5728_2_F,5728_2,Agricultural,b,forest,a,b_a,NA,NA,NA,NA,NA,NA,NA,NA,NA,4,29.04.2019,15.05.2019,119,135,127,16,"9,09","0,57",0,9280012255,7438403431,6899666667,8481944444,3603249002,5570272775,380
5728_2_F,5728_2,Agricultural,b,forest,a,b_a,356,8,6,257,10,51,22,0,10,5,15.05.2019,31.05.2019,135,151,143,16,"19,63","1,226875",0,1376032353,7775948039,6899666667,8481944444,3603249002,5570272775,380
5728_2_F,5728_2,Agricultural,b,forest,a,b_a,NA,NA,NA,NA,NA,NA,NA,NA,NA,6,31.05.2019,14.06.2019,151,165,158,14,"27,59","1,97",0,1898045833,7382558611,6899666667,8481944444,3603249002,5570272775,380
5728_2_F,5728_2,Agricultural,b,forest,a,b_a,478,12,9,291,8,97,62,3,6,7,14.06.2019,01.07.2019,165,182,1735,17,"52,9","3,11",0,2236153704,6582214583,6899666667,8481944444,3603249002,5570272775,380
5728_2_F,5728_2,Agricultural,b,forest,a,b_a,NA,NA,NA,NA,NA,NA,NA,NA,NA,8,01.07.2019,16.07.2019,182,197,1895,15,"47,41","3,16",0,1790914844,6531492708,6899666667,8481944444,3603249002,5570272775,380
5728_2_F,5728_2,Agricultural,b,forest,a,b_a,483,14,17,278,24,97,48,3,8,9,16.07.2019,01.08.2019,197,213,205,16,"59,83","3,74",0,2235411029,6383351225,6899666667,8481944444,3603249002,5570272775,380
5728_2_F,5728_2,Agricultural,b,forest,a,b_a,NA,NA,NA,NA,NA,NA,NA,NA,NA,10,01.08.2019,16.08.2019,213,228,2205,15,"19,13","1,28",0,1846171615,7707467188,6899666667,8481944444,3603249002,5570272775,380
5728_2_G,5728_2,Agricultural,b,meadow,b,b_b,NA,NA,NA,NA,NA,NA,NA,NA,NA,3,10.04.2019,29.04.2019,100,119,1095,19,"14,47","0,76",0,962969375,6496961458,5952666667,9096944444,3605819467,5573896372,274
5728_2_G,5728_2,Agricultural,b,meadow,b,b_b,NA,NA,NA,NA,NA,NA,NA,NA,NA,4,29.04.2019,15.05.2019,119,135,127,16,"4,08","0,26",0,8370387255,8189705392,5952666667,9096944444,3605819467,5573896372,274
5728_2_G,5728_2,Agricultural,b,meadow,b,b_b,303,2,25,185,13,52,21,0,3,5,15.05.2019,31.05.2019,135,151,143,16,"20,57","1,285625",0,1292425245,7965841912,5952666667,9096944444,3605819467,5573896372,274
5728_2_G,5728_2,Agricultural,b,meadow,b,b_b,NA,NA,NA,NA,NA,NA,NA,NA,NA,6,31.05.2019,14.06.2019,151,165,158,14,"40,01","2,86",0,1828694444,7626955556,5952666667,9096944444,3605819467,5573896372,274
5728_2_G,5728_2,Agricultural,b,meadow,b,b_b,428,5,21,269,16,78,33,3,4,7,14.06.2019,01.07.2019,165,182,1735,17,"95,3","5,61",0,2116417361,7011307407,5952666667,9096944444,3605819467,5573896372,274
5728_2_G,5728_2,Agricultural,b,meadow,b,b_b,NA,NA,NA,NA,NA,NA,NA,NA,NA,8,01.07.2019,16.07.2019,182,197,1895,15,"55,56","3,7",0,1653355469,7135909635,5952666667,9096944444,3605819467,5573896372,274
5728_2_G,5728_2,Agricultural,b,meadow,b,b_b,363,15,30,192,22,50,39,14,7,9,16.07.2019,01.08.2019,197,213,205,16,"58,92","3,68",0,2133733578,6793689216,5952666667,9096944444,3605819467,5573896372,274
5728_2_G,5728_2,Agricultural,b,meadow,b,b_b,NA,NA,NA,NA,NA,NA,NA,NA,NA,10,01.08.2019,16.08.2019,213,228,2205,15,"26,92","1,79",0,1798557031,7722679427,5952666667,9096944444,3605819467,5573896372,274
5737_3_A,5737_3,Agricultural,b,arable field,c,b_c,NA,NA,NA,NA,NA,NA,NA,NA,NA,3,NA,NA,NA,NA,NA,NA,NA,NA,1,NA,NA,8189,7747777778,3703971817,5569530559,545
5737_3_A,5737_3,Agricultural,b,arable field,c,b_c,NA,NA,NA,NA,NA,NA,NA,NA,NA,4,29.04.2019,15.05.2019,119,135,127,16,"9,8","0,61",0,7084186275,8153518137,8189,7747777778,3703971817,5569530559,545
5737_3_A,5737_3,Agricultural,b,arable field,c,b_c,237,1,11,182,4,25,9,0,5,5,15.05.2019,30.05.2019,135,150,1425,15,"38,8","2,586666667",0,1165769792,8308633594,8189,7747777778,3703971817,5569530559,545
5737_3_A,5737_3,Agricultural,b,arable field,c,b_c,NA,NA,NA,NA,NA,NA,NA,NA,NA,6,30.05.2019,14.06.2019,150,165,1575,15,"97,87","6,52",0,1760974219,7619243229,8189,7747777778,3703971817,5569530559,545
5737_3_A,5737_3,Agricultural,b,arable field,c,b_c,389,5,16,266,5,45,40,5,6,7,14.06.2019,03.07.2019,165,184,1745,19,"193,2","10,17",0,2009439792,6925221458,8189,7747777778,3703971817,5569530559,545
5737_3_A,5737_3,Agricultural,b,arable field,c,b_c,NA,NA,NA,NA,NA,NA,NA,NA,NA,8,03.07.2019,18.07.2019,184,199,1915,15,"77,04","5,14",0,1534885938,7203801823,8189,7747777778,3703971817,5569530559,545
5737_3_A,5737_3,Agricultural,b,arable field,c,b_c,399,4,22,250,6,57,40,6,9,9,18.07.2029,03.08.2019,199,215,207,16,"137,56","8,6",2,NA,NA,8189,7747777778,3703971817,5569530559,545
5737_3_A,5737_3,Agricultural,b,arable field,c,b_c,NA,NA,NA,NA,NA,NA,NA,NA,NA,10,03.08.2019,17.08.2019,215,229,222,14,"79,63","5,69",0,1659930556,8079308333,8189,7747777778,3703971817,5569530559,545
5737_3_F,5737_3,Agricultural,b,forest,a,b_a,NA,NA,NA,NA,NA,NA,NA,NA,NA,3,12.04.2019,02.05.2019,102,122,112,20,"6,43","0,32",0,8989132937,6923248214,7956,7755555556,3706396058,5570088789,569
5737_3_F,5737_3,Agricultural,b,forest,a,b_a,NA,NA,NA,NA,NA,NA,NA,NA,NA,4,02.05.2019,15.05.2019,122,135,1285,13,"1,46","0,11",0,6120732143,8402517262,7956,7755555556,3706396058,5570088789,569
5737_3_F,5737_3,Agricultural,b,forest,a,b_a,202,6,22,110,9,40,4,1,14,5,15.05.2019,30.05.2019,135,150,1425,15,"8,37","0,558",0,1140244792,8240789583,7956,7755555556,3706396058,5570088789,569
5737_3_F,5737_3,Agricultural,b,forest,a,b_a,NA,NA,NA,NA,NA,NA,NA,NA,NA,6,30.05.2019,14.06.2019,150,165,1575,15,"23,55","1,57",0,1750610156,7162654948,7956,7755555556,3706396058,5570088789,569
5737_3_F,5737_3,Agricultural,b,forest,a,b_a,399,10,26,209,5,79,58,6,9,7,14.06.2019,03.07.2019,165,184,1745,19,"73,2","3,85",0,2021961667,634316375,7956,7755555556,3706396058,5570088789,569
5737_3_F,5737_3,Agricultural,b,forest,a,b_a,NA,NA,NA,NA,NA,NA,NA,NA,NA,8,03.07.2019,18.07.2019,184,199,1915,15,"20,16","1,34",0,1529970313,6944864323,7956,7755555556,3706396058,5570088789,569
5737_3_F,5737_3,Agricultural,b,forest,a,b_a,361,8,15,195,10,90,31,4,10,9,18.07.2029,03.08.2019,199,215,207,16,36,"2,25",2,NA,NA,7956,7755555556,3706396058,5570088789,569
5737_3_F,5737_3,Agricultural,b,forest,a,b_a,NA,NA,NA,NA,NA,NA,NA,NA,NA,10,03.08.2019,17.08.2019,215,229,222,14,"13,49","0,96",0,1608063611,8460851389,7956,7755555556,3706396058,5570088789,569
5737_3_G,5737_3,Agricultural,b,meadow,b,b_b,NA,NA,NA,NA,NA,NA,NA,NA,NA,3,12.04.2019,02.05.2019,102,122,112,20,"9,39","0,47",0,8646242063,71487125,7816666667,7832222222,3706800497,5568226053,514
5737_3_G,5737_3,Agricultural,b,meadow,b,b_b,NA,NA,NA,NA,NA,NA,NA,NA,NA,4,02.05.2019,15.05.2019,122,135,1285,13,"1,41","0,11",0,6565979167,8260179464,7816666667,7832222222,3706800497,5568226053,514
5737_3_G,5737_3,Agricultural,b,meadow,b,b_b,276,3,10,216,3,34,3,0,7,5,15.05.2019,30.05.2019,135,150,1425,15,"18,58","1,238666667",0,1185894531,8165319271,7816666667,7832222222,3706800497,5568226053,514
5737_3_G,5737_3,Agricultural,b,meadow,b,b_b,NA,NA,NA,NA,NA,NA,NA,NA,NA,6,30.05.2019,14.06.2019,150,165,1575,15,"30,01",2,0,1817483333,7356929167,7816666667,7832222222,3706800497,5568226053,514
5737_3_G,5737_3,Agricultural,b,meadow,b,b_b,287,5,9,179,5,37,43,5,6,7,14.06.2019,03.07.2019,165,184,1745,19,"101,2","5,33",0,2034592708,6728480208,7816666667,7832222222,3706800497,5568226053,514
5737_3_G,5737_3,Agricultural,b,meadow,b,b_b,NA,NA,NA,NA,NA,NA,NA,NA,NA,8,03.07.2019,18.07.2019,184,199,1915,15,"52,03","3,47",0,1566161458,7129078385,7816666667,7832222222,3706800497,5568226053,514
5737_3_G,5737_3,Agricultural,b,meadow,b,b_b,318,9,12,191,8,51,37,8,3,9,18.07.2029,03.08.2019,199,215,207,16,"82,54","5,16",2,NA,NA,7816666667,7832222222,3706800497,5568226053,514
5737_3_G,5737_3,Agricultural,b,meadow,b,b_b,NA,NA,NA,NA,NA,NA,NA,NA,NA,10,03.08.2019,17.08.2019,215,229,222,14,30,"2,14",0,1684751111,8068730833,7816666667,7832222222,3706800497,5568226053,514
5837_4_A,5837_4,Agricultural,b,arable field,c,b_c,NA,NA,NA,NA,NA,NA,NA,NA,NA,3,NA,NA,NA,NA,NA,NA,NA,NA,1,NA,NA,8110333333,749,3711584144,556055571,626
5837_4_A,5837_4,Agricultural,b,arable field,c,b_c,NA,NA,NA,NA,NA,NA,NA,NA,NA,4,29.04.2019,15.05.2019,119,135,127,16,"1,2","0,08",0,6656156863,7992078431,8110333333,749,3711584144,556055571,626
5837_4_A,5837_4,Agricultural,b,arable field,c,b_c,238,1,16,169,4,34,10,0,2,5,15.05.2019,30.05.2019,135,150,1425,15,"16,03","1,068666667",0,1125367969,8251016406,8110333333,749,3711584144,556055571,626
5837_4_A,5837_4,Agricultural,b,arable field,c,b_c,NA,NA,NA,NA,NA,NA,NA,NA,NA,6,30.05.2019,14.06.2019,150,165,1575,15,"49,36","3,29",0,1790852083,7213923698,8110333333,749,3711584144,556055571,626
5837_4_A,5837_4,Agricultural,b,arable field,c,b_c,295,5,15,190,5,48,23,6,6,7,14.06.2019,03.07.2019,165,184,1745,19,93,"4,89",0,2025870625,6518987292,8110333333,749,3711584144,556055571,626
5837_4_A,5837_4,Agricultural,b,arable field,c,b_c,NA,NA,NA,NA,NA,NA,NA,NA,NA,8,03.07.2019,18.07.2019,184,199,1915,15,"40,5","2,7",0,1543415365,686123099,8110333333,749,3711584144,556055571,626
5837_4_A,5837_4,Agricultural,b,arable field,c,b_c,294,8,20,164,13,53,27,8,2,9,18.07.2019,02.08.2019,199,214,2065,15,"47,7","3,18",0,2131484896,6283402604,8110333333,749,3711584144,556055571,626
5837_4_A,5837_4,Agricultural,b,arable field,c,b_c,NA,NA,NA,NA,NA,NA,NA,NA,NA,10,02.08.2019,17.08.2019,214,229,2215,15,"31,21","2,08",0,1681505469,7590150521,8110333333,749,3711584144,556055571,626
5837_4_F,5837_4,Agricultural,b,forest,a,b_a,NA,NA,NA,NA,NA,NA,NA,NA,NA,3,18.04.2019,07.05.2019,108,127,1175,19,"12,94","0,68",0,1024430833,6735429792,9032,74125,3709964089,5557350679,680
5837_4_F,5837_4,Agricultural,b,forest,a,b_a,NA,NA,NA,NA,NA,NA,NA,NA,NA,4,07.05.2019,15.05.2019,127,135,131,8,"3,5","0,44",0,7401421296,7891096759,9032,74125,3709964089,5557350679,680
5837_4_F,5837_4,Agricultural,b,forest,a,b_a,289,4,23,214,8,27,7,4,5,5,15.05.2019,30.05.2019,135,150,1425,15,"23,27","1,551333333",0,1223701302,7805582031,9032,74125,3709964089,5557350679,680
5837_4_F,5837_4,Agricultural,b,forest,a,b_a,NA,NA,NA,NA,NA,NA,NA,NA,NA,6,30.05.2019,14.06.2019,150,165,1575,15,"43,89","2,93",0,1939688802,6273033073,9032,74125,3709964089,5557350679,680
5837_4_F,5837_4,Agricultural,b,forest,a,b_a,398,13,21,229,8,86,38,3,5,7,14.06.2019,03.07.2019,165,184,1745,19,"73,7","3,88",0,2193367292,5741215208,9032,74125,3709964089,5557350679,680
5837_4_F,5837_4,Agricultural,b,forest,a,b_a,NA,NA,NA,NA,NA,NA,NA,NA,NA,8,03.07.2019,18.07.2019,184,199,1915,15,"36,78","2,45",0,163833125,656336901,9032,74125,3709964089,5557350679,680
5837_4_F,5837_4,Agricultural,b,forest,a,b_a,344,7,14,218,8,70,20,5,4,9,18.07.2019,02.08.2019,199,214,2065,15,"71,33","4,76",0,2217238021,6024699479,9032,74125,3709964089,5557350679,680
5837_4_F,5837_4,Agricultural,b,forest,a,b_a,NA,NA,NA,NA,NA,NA,NA,NA,NA,10,02.08.2019,17.08.2019,214,229,2215,15,"50,47","3,36",0,174057474,7577000781,9032,74125,3709964089,5557350679,680
5837_4_G,5837_4,Agricultural,b,meadow,b,b_b,NA,NA,NA,NA,NA,NA,NA,NA,NA,3,18.04.2019,29.04.2019,108,119,1135,11,"15,56","1,414545455",0,1008774653,6906834722,7977,77,3712800185,5557018502,543
5837_4_G,5837_4,Agricultural,b,meadow,b,b_b,NA,NA,NA,NA,NA,NA,NA,NA,NA,4,29.04.2019,15.05.2019,119,135,127,16,"4,34","0,27",0,6000394608,8404626225,7977,77,3712800185,5557018502,543
5837_4_G,5837_4,Agricultural,b,meadow,b,b_b,295,5,13,227,5,19,13,0,13,5,15.05.2019,30.05.2019,135,150,1425,15,"20,79","1,386",0,1100117969,828340651,7977,77,3712800185,5557018502,543
5837_4_G,5837_4,Agricultural,b,meadow,b,b_b,NA,NA,NA,NA,NA,NA,NA,NA,NA,6,30.05.2019,14.06.2019,150,165,1575,15,"48,63","3,24",0,1706876302,7388618229,7977,77,3712800185,5557018502,543
5837_4_G,5837_4,Agricultural,b,meadow,b,b_b,267,10,12,164,5,30,32,15,5,7,14.06.2019,03.07.2019,165,184,1745,19,"210,2","11,06",0,1919268125,6915917708,7977,77,3712800185,5557018502,543
5837_4_G,5837_4,Agricultural,b,meadow,b,b_b,NA,NA,NA,NA,NA,NA,NA,NA,NA,8,03.07.2019,18.07.2019,184,199,1915,15,"91,19","6,08",0,1502927083,7260640365,7977,77,3712800185,5557018502,543
5837_4_G,5837_4,Agricultural,b,meadow,b,b_b,440,8,27,275,13,61,41,11,6,9,18.07.2019,02.08.2019,199,214,2065,15,"80,78","5,39",0,1975815104,743065625,7977,77,3712800185,5557018502,543
5837_4_G,5837_4,Agricultural,b,meadow,b,b_b,NA,NA,NA,NA,NA,NA,NA,NA,NA,10,02.08.2019,17.08.2019,214,229,2215,15,"38,46","2,56",0,1596704427,8390516667,7977,77,3712800185,5557018502,543
5838_2_A,5838_2,Urban,c,arable field,c,c_c,NA,NA,NA,NA,NA,NA,NA,NA,NA,3,NA,NA,NA,NA,NA,NA,NA,NA,1,NA,NA,7620666667,7268611111,3721499912,5564717624,612
5838_2_A,5838_2,Urban,c,arable field,c,c_c,NA,NA,NA,NA,NA,NA,NA,NA,NA,4,29.04.2019,14.05.2019,119,134,1265,15,NA,NA,1,7647557292,7892155469,7620666667,7268611111,3721499912,5564717624,612
5838_2_A,5838_2,Urban,c,arable field,c,c_c,221,1,17,153,5,28,10,0,4,5,14.05.2019,29.05.2019,134,149,1415,15,"11,64","0,776",0,1190969531,8125817969,7620666667,7268611111,3721499912,5564717624,612
5838_2_A,5838_2,Urban,c,arable field,c,c_c,NA,NA,NA,NA,NA,NA,NA,NA,NA,6,29.05.2019,13.06.2019,149,164,1565,15,"21,18","1,412",0,1868958594,7009172917,7620666667,7268611111,3721499912,5564717624,612
5838_2_A,5838_2,Urban,c,arable field,c,c_c,291,6,21,189,8,32,27,5,5,7,13.06.2019,29.06.2019,164,180,172,16,"62,5","3,91",0,2192895833,6519909804,7620666667,7268611111,3721499912,5564717624,612
5838_2_A,5838_2,Urban,c,arable field,c,c_c,NA,NA,NA,NA,NA,NA,NA,NA,NA,8,29.06.2019,14.07.2019,180,195,1875,15,"46,36","3,09",0,179503776,6374219792,7620666667,7268611111,3721499912,5564717624,612
5838_2_A,5838_2,Urban,c,arable field,c,c_c,408,15,33,201,21,96,29,12,5,9,14.07.2019,29.07.2019,195,210,2025,15,"46,94","3,13",0,2135622135,6698157292,7620666667,7268611111,3721499912,5564717624,612
5838_2_A,5838_2,Urban,c,arable field,c,c_c,NA,NA,NA,NA,NA,NA,NA,NA,NA,10,29.07.2019,13.08.2019,210,225,2175,15,"26,79","1,79",0,1859466146,8046128385,7620666667,7268611111,3721499912,5564717624,612
5838_2_F,5838_2,Urban,c,forest,a,c_a,NA,NA,NA,NA,NA,NA,NA,NA,NA,3,NA,NA,NA,NA,NA,NA,NA,NA,1,NA,NA,7784666667,7029444444,3721481343,5565858547,675
5838_2_F,5838_2,Urban,c,forest,a,c_a,NA,NA,NA,NA,NA,NA,NA,NA,NA,4,16.04.2019,30.04.2019,106,120,113,14,"5,25","0,38",0,1152285833,5988587222,7784666667,7029444444,3721481343,5565858547,675
5838_2_F,5838_2,Urban,c,forest,a,c_a,289,3,29,187,7,49,5,0,11,5,14.05.2019,29.05.2019,134,149,1415,15,"13,43","0,895333333",0,1141431771,7876034635,7784666667,7029444444,3721481343,5565858547,675
5838_2_F,5838_2,Urban,c,forest,a,c_a,NA,NA,NA,NA,NA,NA,NA,NA,NA,6,29.05.2019,15.06.2019,149,166,1575,17,"54,7","3,22",0,1904865046,6349833565,7784666667,7029444444,3721481343,5565858547,675
5838_2_F,5838_2,Urban,c,forest,a,c_a,364,9,19,211,10,64,47,1,8,7,13.06.2019,29.06.2019,164,180,172,16,"98,6","6,16",0,2134757843,6028399755,7784666667,7029444444,3721481343,5565858547,675
5838_2_F,5838_2,Urban,c,forest,a,c_a,NA,NA,NA,NA,NA,NA,NA,NA,NA,8,29.06.2019,14.07.2019,180,195,1875,15,"32,89","2,19",0,1769509115,5854021615,7784666667,7029444444,3721481343,5565858547,675
5838_2_F,5838_2,Urban,c,forest,a,c_a,423,8,19,243,7,94,38,3,14,9,14.07.2019,29.07.2019,195,210,2025,15,"43,02","2,87",0,2098696094,6218248958,7784666667,7029444444,3721481343,5565858547,675
5838_2_F,5838_2,Urban,c,forest,a,c_a,NA,NA,NA,NA,NA,NA,NA,NA,NA,10,29.07.2019,13.08.2019,210,225,2175,15,"26,47","1,76",0,1817507552,7701051302,7784666667,7029444444,3721481343,5565858547,675
5838_2_U,5838_2,Urban,c,settlement,d,c_d,NA,NA,NA,NA,NA,NA,NA,NA,NA,3,16.04.2019,30.04.2019,106,120,113,14,"7,7","0,55",0,1203240278,5962779722,723,7521388889,3724413171,5564138237,571
5838_2_U,5838_2,Urban,c,settlement,d,c_d,NA,NA,NA,NA,NA,NA,NA,NA,NA,4,30.04.2019,14.05.2019,120,134,127,14,"3,89","0,28",0,7518966667,7771571667,723,7521388889,3724413171,5564138237,571
5838_2_U,5838_2,Urban,c,settlement,d,c_d,194,1,10,115,4,50,9,0,5,5,14.05.2019,29.05.2019,134,149,1415,15,"12,49","0,832666667",0,1165277083,8118049219,723,7521388889,3724413171,5564138237,571
5838_2_U,5838_2,Urban,c,settlement,d,c_d,NA,NA,NA,NA,NA,NA,NA,NA,NA,6,29.05.2019,13.06.2019,149,164,1565,15,"13,19","0,879333333",0,1792358333,6885490365,723,7521388889,3724413171,5564138237,571
5838_2_U,5838_2,Urban,c,settlement,d,c_d,480,12,16,257,18,127,38,2,17,7,13.06.2019,29.06.2019,164,180,172,16,"42,9","2,68",0,2094017402,6343166912,723,7521388889,3724413171,5564138237,571
5838_2_U,5838_2,Urban,c,settlement,d,c_d,NA,NA,NA,NA,NA,NA,NA,NA,NA,8,29.06.2019,14.07.2019,180,195,1875,15,"25,28","1,69",0,1747370313,6181867969,723,7521388889,3724413171,5564138237,571
5838_2_U,5838_2,Urban,c,settlement,d,c_d,423,12,23,224,20,104,20,9,12,9,14.07.2019,29.07.2019,195,210,2025,15,"33,12","2,21",0,204680651,6664990885,723,7521388889,3724413171,5564138237,571
5838_2_U,5838_2,Urban,c,settlement,d,c_d,NA,NA,NA,NA,NA,NA,NA,NA,NA,10,29.07.2019,13.08.2019,210,225,2175,15,"16,97","1,13",0,1834605469,7806770052,723,7521388889,3724413171,5564138237,571
5923_3_F,5923_3,Semi-natural,a,forest,a,a_a,NA,NA,NA,NA,NA,NA,NA,NA,NA,3,17.04.2019,02.05.2019,107,122,1145,15,"28,66","1,91",0,1346492708,5887556771,9787666667,8401111111,3540572089,5544152864,430
5923_3_F,5923_3,Semi-natural,a,forest,a,a_a,NA,NA,NA,NA,NA,NA,NA,NA,NA,4,02.05.2019,15.05.2019,122,135,1285,13,"8,57","0,66",0,8913360119,7215253274,9787666667,8401111111,3540572089,5544152864,430
5923_3_F,5923_3,Semi-natural,a,forest,a,a_a,345,6,23,173,15,110,12,0,9,5,15.05.2019,29.05.2019,135,149,142,14,"29,6","2,114285714",0,1344191389,7814568889,9787666667,8401111111,3540572089,5544152864,430
5923_3_F,5923_3,Semi-natural,a,forest,a,a_a,NA,NA,NA,NA,NA,NA,NA,NA,NA,6,29.05.2019,13.06.2019,149,164,1565,15,"31,79","2,12",0,1770239844,7513082552,9787666667,8401111111,3540572089,5544152864,430
5923_3_F,5923_3,Semi-natural,a,forest,a,a_a,420,13,21,234,6,84,57,5,4,7,13.06.2019,28.06.2019,164,179,1715,15,"64,2","4,28",0,2167597135,6932014323,9787666667,8401111111,3540572089,5544152864,430
5923_3_F,5923_3,Semi-natural,a,forest,a,a_a,NA,NA,NA,NA,NA,NA,NA,NA,NA,8,28.06.2019,15.07.2019,179,196,1875,17,"77,09","4,53",0,1895948148,6324674306,9787666667,8401111111,3540572089,5544152864,430
5923_3_F,5923_3,Semi-natural,a,forest,a,a_a,385,11,17,223,13,72,37,11,5,9,15.07.2019,31.07.2019,196,212,204,16,"90,27","5,64",0,2276695098,6249871569,9787666667,8401111111,3540572089,5544152864,430
5923_3_F,5923_3,Semi-natural,a,forest,a,a_a,NA,NA,NA,NA,NA,NA,NA,NA,NA,10,31.07.2019,14.08.2019,212,226,219,14,"45,26","3,23",0,1926291389,7123800556,9787666667,8401111111,3540572089,5544152864,430
5923_3_G,5923_3,Semi-natural,a,meadow,b,a_b,NA,NA,NA,NA,NA,NA,NA,NA,NA,3,17.04.2019,02.05.2019,107,122,1145,15,"26,87","1,79",0,1315985156,6870467448,7748,1002055556,3540043868,5541609401,168
5923_3_G,5923_3,Semi-natural,a,meadow,b,a_b,NA,NA,NA,NA,NA,NA,NA,NA,NA,4,02.05.2019,15.05.2019,122,135,1285,13,"19,19","1,48",0,9939089286,7756041071,7748,1002055556,3540043868,5541609401,168
5923_3_G,5923_3,Semi-natural,a,meadow,b,a_b,255,2,6,204,2,30,8,1,3,5,15.05.2019,29.05.2019,135,149,142,14,"57,71","4,122142857",0,1471582778,8141680833,7748,1002055556,3540043868,5541609401,168
5923_3_G,5923_3,Semi-natural,a,meadow,b,a_b,NA,NA,NA,NA,NA,NA,NA,NA,NA,6,29.05.2019,13.06.2019,149,164,1565,15,"59,01","3,93",0,1814915104,8072470573,7748,1002055556,3540043868,5541609401,168
5923_3_G,5923_3,Semi-natural,a,meadow,b,a_b,394,2,18,259,19,55,30,4,3,7,13.06.2019,28.06.2019,164,179,1715,15,"130,8","8,72",0,2130519271,7738823958,7748,1002055556,3540043868,5541609401,168
5923_3_G,5923_3,Semi-natural,a,meadow,b,a_b,NA,NA,NA,NA,NA,NA,NA,NA,NA,8,28.06.2019,15.07.2019,179,196,1875,17,"71,64","4,21",0,1873484491,7340110417,7748,1002055556,3540043868,5541609401,168
5923_3_G,5923_3,Semi-natural,a,meadow,b,a_b,465,17,20,294,21,68,35,13,1,9,15.07.2019,31.07.2019,196,212,204,16,"69,04","4,32",0,2200541176,7331806863,7748,1002055556,3540043868,5541609401,168
5923_3_G,5923_3,Semi-natural,a,meadow,b,a_b,NA,NA,NA,NA,NA,NA,NA,NA,NA,10,31.07.2019,14.08.2019,212,226,219,14,"33,63","2,4",0,1945713889,7821465833,7748,1002055556,3540043868,5541609401,168
5923_3_U,5923_3,Semi-natural,a,settlement,d,a_d,NA,NA,NA,NA,NA,NA,NA,NA,NA,3,17.04.2019,02.05.2019,107,122,1145,15,"28,02","1,87",0,1287800521,6154197135,8822,9479166667,3537357417,5544264302,224
5923_3_U,5923_3,Semi-natural,a,settlement,d,a_d,NA,NA,NA,NA,NA,NA,NA,NA,NA,4,02.05.2019,15.05.2019,122,135,1285,13,"16,77","1,29",0,8903854167,7323715179,8822,9479166667,3537357417,5544264302,224
5923_3_U,5923_3,Semi-natural,a,settlement,d,a_d,473,9,19,318,17,90,24,1,4,5,15.05.2019,29.05.2019,135,149,142,14,"42,5","3,035714286",0,1367829722,7873791667,8822,9479166667,3537357417,5544264302,224
5923_3_U,5923_3,Semi-natural,a,settlement,d,a_d,NA,NA,NA,NA,NA,NA,NA,NA,NA,6,29.05.2019,13.06.2019,149,164,1565,15,"58,92","3,93",0,1739274479,7808244531,8822,9479166667,3537357417,5544264302,224
5923_3_U,5923_3,Semi-natural,a,settlement,d,a_d,464,13,15,287,16,85,45,5,2,7,13.06.2019,28.06.2019,164,179,1715,15,"93,2","6,21",0,2104527865,7328488542,8822,9479166667,3537357417,5544264302,224
5923_3_U,5923_3,Semi-natural,a,settlement,d,a_d,NA,NA,NA,NA,NA,NA,NA,NA,NA,8,28.06.2019,15.07.2019,179,196,1875,17,"47,97","2,82",0,1854643056,6826099537,8822,9479166667,3537357417,5544264302,224
5923_3_U,5923_3,Semi-natural,a,settlement,d,a_d,480,16,19,292,19,90,35,10,2,9,15.07.2019,31.07.2019,196,212,204,16,"54,18","3,39",0,2220094608,6758172059,8822,9479166667,3537357417,5544264302,224
5923_3_U,5923_3,Semi-natural,a,settlement,d,a_d,NA,NA,NA,NA,NA,NA,NA,NA,NA,10,31.07.2019,14.08.2019,212,226,219,14,"32,58","2,33",0,1917988611,7436113056,8822,9479166667,3537357417,5544264302,224
5924_3_A,5924_3,Semi-natural,a,arable field,c,a_c,NA,NA,NA,NA,NA,NA,NA,NA,NA,3,17.04.2019,02.05.2019,107,122,1145,15,"12,53","0,84",0,1380481771,5929105208,8061333333,9085833333,3550053318,5544488674,348
5924_3_A,5924_3,Semi-natural,a,arable field,c,a_c,NA,NA,NA,NA,NA,NA,NA,NA,NA,4,02.05.2019,15.05.2019,122,135,1285,13,"34,78","2,68",0,947403869,7272353274,8061333333,9085833333,3550053318,5544488674,348
5924_3_A,5924_3,Semi-natural,a,arable field,c,a_c,168,1,5,123,1,31,5,1,1,5,15.05.2019,29.05.2019,135,149,142,14,"37,26","2,661428571",0,1436719722,7699377222,8061333333,9085833333,3550053318,5544488674,348
5924_3_A,5924_3,Semi-natural,a,arable field,c,a_c,NA,NA,NA,NA,NA,NA,NA,NA,NA,6,29.05.2019,13.06.2019,149,164,1565,15,"40,98","2,73",0,1859095313,7383433854,8061333333,9085833333,3550053318,5544488674,348
5924_3_A,5924_3,Semi-natural,a,arable field,c,a_c,285,5,14,185,12,43,25,1,3,7,13.06.2019,28.06.2019,164,179,1715,15,"184,3","12,29",0,2228011979,6820228385,8061333333,9085833333,3550053318,5544488674,348
5924_3_A,5924_3,Semi-natural,a,arable field,c,a_c,NA,NA,NA,NA,NA,NA,NA,NA,NA,8,28.06.2019,15.07.2019,179,196,1875,17,"85,68","5,04",0,1990515509,6089781019,8061333333,9085833333,3550053318,5544488674,348
5924_3_A,5924_3,Semi-natural,a,arable field,c,a_c,291,10,24,161,14,40,27,13,3,9,15.07.2019,31.07.2019,196,212,204,16,"83,23","5,2",0,2375333578,5941346814,8061333333,9085833333,3550053318,5544488674,348
5924_3_A,5924_3,Semi-natural,a,arable field,c,a_c,NA,NA,NA,NA,NA,NA,NA,NA,NA,10,31.07.2019,14.08.2019,212,226,219,14,"61,42","4,39",0,2018184722,6839945833,8061333333,9085833333,3550053318,5544488674,348
5924_3_F,5924_3,Semi-natural,a,forest,a,a_a,NA,NA,NA,NA,NA,NA,NA,NA,NA,3,17.04.2019,02.05.2019,107,122,1145,15,"30,79","2,05",0,1351916667,6193308333,7770333333,9305555556,3549321563,5541978372,296
5924_3_F,5924_3,Semi-natural,a,forest,a,a_a,NA,NA,NA,NA,NA,NA,NA,NA,NA,4,02.05.2019,15.05.2019,122,135,1285,13,"15,49","1,19",0,9468452381,7385265476,7770333333,9305555556,3549321563,5541978372,296
5924_3_F,5924_3,Semi-natural,a,forest,a,a_a,399,8,19,231,14,106,20,0,8,5,15.05.2019,29.05.2019,135,149,142,14,"57,39","4,099285714",0,1399731111,80076325,7770333333,9305555556,3549321563,5541978372,296
5924_3_F,5924_3,Semi-natural,a,forest,a,a_a,NA,NA,NA,NA,NA,NA,NA,NA,NA,6,29.05.2019,13.06.2019,149,164,1565,15,"69,8","4,65",0,1777178906,8011538281,7770333333,9305555556,3549321563,5541978372,296
5924_3_F,5924_3,Semi-natural,a,forest,a,a_a,488,15,17,280,20,101,57,2,6,7,13.06.2019,28.06.2019,164,179,1715,15,"118,2","7,88",0,2129186979,7685703906,7770333333,9305555556,3549321563,5541978372,296
5924_3_F,5924_3,Semi-natural,a,forest,a,a_a,NA,NA,NA,NA,NA,NA,NA,NA,NA,8,28.06.2019,15.07.2019,179,196,1875,17,"152,1","8,95",0,1859652778,7080015972,7770333333,9305555556,3549321563,5541978372,296
5924_3_F,5924_3,Semi-natural,a,forest,a,a_a,424,14,21,259,12,56,48,9,7,9,15.07.2019,31.07.2019,196,212,204,16,"249,49","15,59",0,2187728431,717495098,7770333333,9305555556,3549321563,5541978372,296
5924_3_F,5924_3,Semi-natural,a,forest,a,a_a,NA,NA,NA,NA,NA,NA,NA,NA,NA,10,31.07.2019,14.08.2019,212,226,219,14,"90,62","6,47",0,1890931944,7973573056,7770333333,9305555556,3549321563,5541978372,296
5924_3_U,5924_3,Semi-natural,a,settlement,d,a_d,NA,NA,NA,NA,NA,NA,NA,NA,NA,3,17.04.2019,02.05.2019,107,122,1145,15,"45,47","3,03",0,1379819271,6001140625,6999333333,9727777778,3552719105,5543965721,182
5924_3_U,5924_3,Semi-natural,a,settlement,d,a_d,NA,NA,NA,NA,NA,NA,NA,NA,NA,4,02.05.2019,15.05.2019,122,135,1285,13,"14,36","1,1",0,9572916667,7125280952,6999333333,9727777778,3552719105,5543965721,182
5924_3_U,5924_3,Semi-natural,a,settlement,d,a_d,485,15,26,315,23,89,24,1,4,5,15.05.2019,29.05.2019,135,149,142,14,"28,13","2,009285714",0,1463783333,7549652222,6999333333,9727777778,3552719105,5543965721,182
5924_3_U,5924_3,Semi-natural,a,settlement,d,a_d,NA,NA,NA,NA,NA,NA,NA,NA,NA,6,29.05.2019,13.06.2019,149,164,1565,15,"40,77","2,72",0,1892957292,7283445313,6999333333,9727777778,3552719105,5543965721,182
5924_3_U,5924_3,Semi-natural,a,settlement,d,a_d,437,13,19,263,17,81,40,9,1,7,13.06.2019,28.06.2019,164,179,1715,15,"118,2","7,88",0,2223625,6938588021,6999333333,9727777778,3552719105,5543965721,182
5924_3_U,5924_3,Semi-natural,a,settlement,d,a_d,NA,NA,NA,NA,NA,NA,NA,NA,NA,8,28.06.2019,15.07.2019,179,196,1875,17,"73,78","4,34",0,1958184028,6288290046,6999333333,9727777778,3552719105,5543965721,182
5924_3_U,5924_3,Semi-natural,a,settlement,d,a_d,488,27,23,255,30,100,46,14,4,9,15.07.2019,31.07.2019,196,212,204,16,"49,4","3,09",0,2326239951,6257071078,6999333333,9727777778,3552719105,5543965721,182
5924_3_U,5924_3,Semi-natural,a,settlement,d,a_d,NA,NA,NA,NA,NA,NA,NA,NA,NA,10,31.07.2019,14.08.2019,212,226,219,14,"37,57","2,68",0,1990482778,7253640278,6999333333,9727777778,3552719105,5543965721,182
5928_2_A,5928_2,Agricultural,b,arable field,c,b_c,NA,NA,NA,NA,NA,NA,NA,NA,NA,3,15.04.2019,29.04.2019,105,119,112,14,"21,32","1,52",0,1275783611,60492825,6478666667,9601944444,3606183737,5552191942,254
5928_2_A,5928_2,Agricultural,b,arable field,c,b_c,NA,NA,NA,NA,NA,NA,NA,NA,NA,4,29.04.2019,13.05.2019,119,133,126,14,"5,51","0,39",0,9169302778,7809778056,6478666667,9601944444,3606183737,5552191942,254
5928_2_A,5928_2,Agricultural,b,arable field,c,b_c,230,1,13,159,7,30,15,0,5,5,13.05.2019,27.05.2019,133,147,140,14,"29,61","2,115",0,1300081389,7789216389,6478666667,9601944444,3606183737,5552191942,254
5928_2_A,5928_2,Agricultural,b,arable field,c,b_c,NA,NA,NA,NA,NA,NA,NA,NA,NA,6,27.05.2019,11.06.2019,147,162,1545,15,"19,99","1,33",0,1773413021,7710917188,6478666667,9601944444,3606183737,5552191942,254
5928_2_A,5928_2,Agricultural,b,arable field,c,b_c,232,4,7,153,8,28,26,8,1,7,11.06.2019,26.06.2019,162,177,1695,15,"111,5","7,43",0,2117721875,7536441406,6478666667,9601944444,3606183737,5552191942,254
5928_2_A,5928_2,Agricultural,b,arable field,c,b_c,NA,NA,NA,NA,NA,NA,NA,NA,NA,8,26.06.2019,12.07.2019,177,193,185,16,"119,98","7,5",0,2006519608,6384102941,6478666667,9601944444,3606183737,5552191942,254
5928_2_A,5928_2,Agricultural,b,arable field,c,b_c,288,11,20,152,11,52,33,9,2,9,12.07.2019,29.07.2019,193,210,2015,17,"87,95","5,17",0,2217801157,6611635648,6478666667,9601944444,3606183737,5552191942,254
5928_2_A,5928_2,Agricultural,b,arable field,c,b_c,NA,NA,NA,NA,NA,NA,NA,NA,NA,10,29.07.2019,12.08.2019,210,224,217,14,"62,05","4,43",0,2028623056,7343993889,6478666667,9601944444,3606183737,5552191942,254
5928_2_F,5928_2,Agricultural,b,forest,a,b_a,NA,NA,NA,NA,NA,NA,NA,NA,NA,3,15.04.2019,29.04.2019,105,119,112,14,"40,11","2,87",2,1271388889,NA,7451666667,9043055556,3602968598,5549350625,370
5928_2_F,5928_2,Agricultural,b,forest,a,b_a,NA,NA,NA,NA,NA,NA,NA,NA,NA,4,29.04.2019,13.05.2019,119,133,126,14,"13,96",1,2,8173611111,NA,7451666667,9043055556,3602968598,5549350625,370
5928_2_F,5928_2,Agricultural,b,forest,a,b_a,357,7,17,229,14,68,19,0,9,5,13.05.2019,27.05.2019,133,147,140,14,"33,55","2,396428571",2,1172638889,NA,7451666667,9043055556,3602968598,5549350625,370
5928_2_F,5928_2,Agricultural,b,forest,a,b_a,NA,NA,NA,NA,NA,NA,NA,NA,NA,6,27.05.2019,11.06.2019,147,162,1545,15,"34,27","2,28",2,1633203125,NA,7451666667,9043055556,3602968598,5549350625,370
5928_2_F,5928_2,Agricultural,b,forest,a,b_a,497,14,30,268,30,109,40,8,5,7,11.06.2019,26.06.2019,162,177,1695,15,"91,3","6,09",2,1873697917,NA,7451666667,9043055556,3602968598,5549350625,370
5928_2_F,5928_2,Agricultural,b,forest,a,b_a,NA,NA,NA,NA,NA,NA,NA,NA,NA,8,26.06.2019,12.07.2019,177,193,185,16,"99,49","6,22",2,1833333333,NA,7451666667,9043055556,3602968598,5549350625,370
5928_2_F,5928_2,Agricultural,b,forest,a,b_a,411,9,16,230,15,67,52,15,5,9,12.07.2019,29.07.2019,193,210,2015,17,"158,78","9,34",2,2007638889,NA,7451666667,9043055556,3602968598,5549350625,370
5928_2_F,5928_2,Agricultural,b,forest,a,b_a,NA,NA,NA,NA,NA,NA,NA,NA,NA,10,29.07.2019,12.08.2019,210,224,217,14,"45,53","3,25",2,182375,NA,7451666667,9043055556,3602968598,5549350625,370
5928_2_U,5928_2,Agricultural,b,settlement,d,b_d,NA,NA,NA,NA,NA,NA,NA,NA,NA,3,15.04.2019,29.04.2019,105,119,112,14,"36,92","2,64",0,1342583056,5604924722,6886666667,9348888889,3606115016,5549468074,286
5928_2_U,5928_2,Agricultural,b,settlement,d,b_d,NA,NA,NA,NA,NA,NA,NA,NA,NA,4,29.04.2019,13.05.2019,119,133,126,14,"11,22","0,8",0,9489461111,7443019722,6886666667,9348888889,3606115016,5549468074,286
5928_2_U,5928_2,Agricultural,b,settlement,d,b_d,159,4,3,92,1,53,7,1,1,5,13.05.2019,27.05.2019,133,147,140,14,"24,23","1,730714286",0,1337359167,7342188333,6886666667,9348888889,3606115016,5549468074,286
5928_2_U,5928_2,Agricultural,b,settlement,d,b_d,NA,NA,NA,NA,NA,NA,NA,NA,NA,6,27.05.2019,11.06.2019,147,162,1545,15,"23,58","1,57",0,1823755729,7127094271,6886666667,9348888889,3606115016,5549468074,286
5928_2_U,5928_2,Agricultural,b,settlement,d,b_d,466,13,13,284,20,98,40,4,3,7,11.06.2019,26.06.2019,162,177,1695,15,"56,8","3,79",0,214744375,7079802865,6886666667,9348888889,3606115016,5549468074,286
5928_2_U,5928_2,Agricultural,b,settlement,d,b_d,NA,NA,NA,NA,NA,NA,NA,NA,NA,8,26.06.2019,12.07.2019,177,193,185,16,"54,83","3,43",0,2036531618,6031688971,6886666667,9348888889,3606115016,5549468074,286
5928_2_U,5928_2,Agricultural,b,settlement,d,b_d,452,14,32,235,21,84,52,9,8,9,12.07.2019,29.07.2019,193,210,2015,17,"49,51","2,91",0,2213686806,6395573611,6886666667,9348888889,3606115016,5549468074,286
5928_2_U,5928_2,Agricultural,b,settlement,d,b_d,NA,NA,NA,NA,NA,NA,NA,NA,NA,10,29.07.2019,12.08.2019,210,224,217,14,"33,21","2,37",0,2013392222,7301894722,6886666667,9348888889,3606115016,5549468074,286
5933_4_A,5933_4,Agricultural,b,arable field,c,b_c,NA,NA,NA,NA,NA,NA,NA,NA,NA,3,18.04.2019,02.05.2019,108,122,115,14,"18,59","1,33",0,1256859722,61390425,8591333333,8360555556,3664440109,5544108089,466
5933_4_A,5933_4,Agricultural,b,arable field,c,b_c,NA,NA,NA,NA,NA,NA,NA,NA,NA,4,02.05.2019,16.05.2019,122,136,129,14,"4,27","0,31",0,7819638889,77879275,8591333333,8360555556,3664440109,5544108089,466
5933_4_A,5933_4,Agricultural,b,arable field,c,b_c,223,0,15,140,4,54,9,0,1,5,16.05.2019,30.05.2019,136,150,143,14,"36,3","2,592857143",0,13635725,7982216111,8591333333,8360555556,3664440109,5544108089,466
5933_4_A,5933_4,Agricultural,b,arable field,c,b_c,NA,NA,NA,NA,NA,NA,NA,NA,NA,6,30.05.2019,12.06.2019,150,163,1565,13,"57,8","4,45",0,1937352381,7159940774,8591333333,8360555556,3664440109,5544108089,466
5933_4_A,5933_4,Agricultural,b,arable field,c,b_c,404,7,24,255,14,64,32,4,8,7,12.06.2019,27.06.2019,163,178,1705,15,"100,6","6,71",0,221651875,6819692969,8591333333,8360555556,3664440109,5544108089,466
5933_4_A,5933_4,Agricultural,b,arable field,c,b_c,NA,NA,NA,NA,NA,NA,NA,NA,NA,8,27.06.2019,13.07.2019,178,194,186,16,"116,74","7,3",0,191484951,6123998775,8591333333,8360555556,3664440109,5544108089,466
5933_4_A,5933_4,Agricultural,b,arable field,c,b_c,360,9,22,192,9,67,42,11,4,9,13.07.2019,31.07.2019,194,212,203,18,"119,05","6,61",0,2163400219,6771689254,8591333333,8360555556,3664440109,5544108089,466
5933_4_A,5933_4,Agricultural,b,arable field,c,b_c,NA,NA,NA,NA,NA,NA,NA,NA,NA,10,31.07.2019,14.08.2019,212,226,219,14,"52,89","3,78",0,1869004167,7557269444,8591333333,8360555556,3664440109,5544108089,466
5933_4_F,5933_4,Agricultural,b,forest,a,b_a,NA,NA,NA,NA,NA,NA,NA,NA,NA,3,NA,NA,NA,NA,NA,NA,NA,NA,1,NA,NA,8453333333,8476666667,3665095529,5542931223,483
5933_4_F,5933_4,Agricultural,b,forest,a,b_a,NA,NA,NA,NA,NA,NA,NA,NA,NA,4,NA,NA,NA,NA,NA,NA,NA,NA,1,NA,NA,8453333333,8476666667,3665095529,5542931223,483
5933_4_F,5933_4,Agricultural,b,forest,a,b_a,409,10,27,244,9,90,24,0,12,5,16.05.2019,30.05.2019,136,150,143,14,"14,38","1,027142857",0,1410435,7723598611,8453333333,8476666667,3665095529,5542931223,483
5933_4_F,5933_4,Agricultural,b,forest,a,b_a,NA,NA,NA,NA,NA,NA,NA,NA,NA,6,30.05.2019,12.06.2019,150,163,1565,13,"37,45","2,88",0,1983796429,668599256,8453333333,8476666667,3665095529,5542931223,483
5933_4_F,5933_4,Agricultural,b,forest,a,b_a,548,19,38,328,12,98,53,3,9,7,12.06.2019,27.06.2019,163,178,1705,15,74,"4,93",0,226456276,6360758594,8453333333,8476666667,3665095529,5542931223,483
5933_4_F,5933_4,Agricultural,b,forest,a,b_a,NA,NA,NA,NA,NA,NA,NA,NA,NA,8,27.06.2019,13.07.2019,178,194,186,16,"51,92","3,25",0,2031320833,5511745588,8453333333,8476666667,3665095529,5542931223,483
5933_4_F,5933_4,Agricultural,b,forest,a,b_a,503,19,27,269,18,110,56,8,6,9,13.07.2019,31.07.2019,194,212,203,18,"82,91","4,61",0,2244938158,637131864,8453333333,8476666667,3665095529,5542931223,483
5933_4_F,5933_4,Agricultural,b,forest,a,b_a,NA,NA,NA,NA,NA,NA,NA,NA,NA,10,31.07.2019,14.08.2019,212,226,219,14,"40,34","2,88",0,1908016667,7414206667,8453333333,8476666667,3665095529,5542931223,483
5933_4_U,5933_4,Agricultural,b,settlement,d,b_d,NA,NA,NA,NA,NA,NA,NA,NA,NA,3,18.04.2019,02.05.2019,108,122,115,14,"9,06","0,65",0,1289086944,5819727222,8651666667,8265277778,3665735241,5546035651,481
5933_4_U,5933_4,Agricultural,b,settlement,d,b_d,NA,NA,NA,NA,NA,NA,NA,NA,NA,4,02.05.2019,16.05.2019,122,136,129,14,"1,23","0,09",0,7932891667,7426775278,8651666667,8265277778,3665735241,5546035651,481
5933_4_U,5933_4,Agricultural,b,settlement,d,b_d,362,5,24,221,9,86,15,0,4,5,16.05.2019,30.05.2019,136,150,143,14,"20,64","1,474285714",0,1381223056,7671263611,8651666667,8265277778,3665735241,5546035651,481
5933_4_U,5933_4,Agricultural,b,settlement,d,b_d,NA,NA,NA,NA,NA,NA,NA,NA,NA,6,30.05.2019,12.06.2019,150,163,1565,13,"34,02","2,62",0,1950288988,6685122619,8651666667,8265277778,3665735241,5546035651,481
5933_4_U,5933_4,Agricultural,b,settlement,d,b_d,384,7,19,225,19,79,32,0,5,7,12.06.2019,27.06.2019,163,178,1705,15,"70,4","4,69",0,225663724,6243184115,8651666667,8265277778,3665735241,5546035651,481
5933_4_U,5933_4,Agricultural,b,settlement,d,b_d,NA,NA,NA,NA,NA,NA,NA,NA,NA,8,27.06.2019,13.07.2019,178,194,186,16,"60,68","3,79",0,200732451,54958,8651666667,8265277778,3665735241,5546035651,481
5933_4_U,5933_4,Agricultural,b,settlement,d,b_d,508,12,30,242,26,137,50,8,5,9,13.07.2019,31.07.2019,194,212,203,18,"51,66","2,87",0,2230773465,6251816009,8651666667,8265277778,3665735241,5546035651,481
5933_4_U,5933_4,Agricultural,b,settlement,d,b_d,NA,NA,NA,NA,NA,NA,NA,NA,NA,10,31.07.2019,14.08.2019,212,226,219,14,"23,99","1,71",0,1899101944,7288863333,8651666667,8265277778,3665735241,5546035651,481
5938_2_A,5938_2,Agricultural,b,arable field,c,b_c,NA,NA,NA,NA,NA,NA,NA,NA,NA,3,NA,NA,NA,NA,NA,NA,NA,NA,1,NA,NA,7211666667,7749722222,3725665838,5553539841,517
5938_2_A,5938_2,Agricultural,b,arable field,c,b_c,NA,NA,NA,NA,NA,NA,NA,NA,NA,4,26.04.2019,14.05.2019,116,134,125,18,"5,56","0,31",0,9725432018,7301170833,7211666667,7749722222,3725665838,5553539841,517
5938_2_A,5938_2,Agricultural,b,arable field,c,b_c,312,0,19,214,12,49,11,0,3,5,14.05.2019,29.05.2019,134,149,1415,15,"21,58","1,438666667",0,1142982031,8223721354,7211666667,7749722222,3725665838,5553539841,517
5938_2_A,5938_2,Agricultural,b,arable field,c,b_c,NA,NA,NA,NA,NA,NA,NA,NA,NA,6,29.05.2019,13.06.2019,149,164,1565,15,"24,41","1,627333333",0,1767582552,7302367448,7211666667,7749722222,3725665838,5553539841,517
5938_2_A,5938_2,Agricultural,b,arable field,c,b_c,413,7,17,282,8,52,41,2,5,7,13.06.2019,01.07.2019,164,182,173,18,"156,5","8,69",0,2074348026,6759442544,7211666667,7749722222,3725665838,5553539841,517
5938_2_A,5938_2,Agricultural,b,arable field,c,b_c,NA,NA,NA,NA,NA,NA,NA,NA,NA,8,01.07.2019,15.07.2019,182,197,1895,15,"70,88","4,73",0,167062,6560800833,7211666667,7749722222,3725665838,5553539841,517
5938_2_A,5938_2,Agricultural,b,arable field,c,b_c,426,9,26,214,16,107,37,9,6,9,15.07.2019,01.08.2019,196,213,2045,17,"95,64","5,63",0,2073773148,6706223148,7211666667,7749722222,3725665838,5553539841,517
5938_2_A,5938_2,Agricultural,b,arable field,c,b_c,NA,NA,NA,NA,NA,NA,NA,NA,NA,10,01.08.2019,15.08.2019,213,227,220,14,"28,36","2,03",0,1733910833,7678793611,7211666667,7749722222,3725665838,5553539841,517
5938_2_F,5938_2,Agricultural,b,forest,a,b_a,NA,NA,NA,NA,NA,NA,NA,NA,NA,3,NA,NA,NA,NA,NA,NA,NA,NA,1,NA,NA,7772666667,7523888889,3724217982,5551886471,590
5938_2_F,5938_2,Agricultural,b,forest,a,b_a,NA,NA,NA,NA,NA,NA,NA,NA,NA,4,26.04.2019,14.05.2019,116,134,125,18,NA,NA,1,7236559211,8163746711,7772666667,7523888889,3724217982,5551886471,590
5938_2_F,5938_2,Agricultural,b,forest,a,b_a,NA,NA,NA,NA,NA,NA,NA,NA,NA,5,14.05.2019,29.05.2019,134,149,1415,15,NA,NA,1,1082463021,8369923438,7772666667,7523888889,3724217982,5551886471,590
5938_2_F,5938_2,Agricultural,b,forest,a,b_a,NA,NA,NA,NA,NA,NA,NA,NA,NA,6,29.05.2019,13.06.2019,149,164,1565,15,"39,73","2,648666667",0,1714982552,694688151,7772666667,7523888889,3724217982,5551886471,590
5938_2_F,5938_2,Agricultural,b,forest,a,b_a,359,7,23,229,2,55,32,1,12,7,13.06.2019,01.07.2019,164,182,173,18,"100,3","5,57",0,2047737281,6357760965,7772666667,7523888889,3724217982,5551886471,590
5938_2_F,5938_2,Agricultural,b,forest,a,b_a,NA,NA,NA,NA,NA,NA,NA,NA,NA,8,01.07.2019,15.07.2019,182,197,1895,15,"36,87","2,46",0,1605077222,6467999167,7772666667,7523888889,3724217982,5551886471,590
5938_2_F,5938_2,Agricultural,b,forest,a,b_a,383,6,15,212,7,105,26,1,12,9,15.07.2019,01.08.2019,196,213,2045,17,"50,08","2,95",0,1986476852,6800479861,7772666667,7523888889,3724217982,5551886471,590
5938_2_F,5938_2,Agricultural,b,forest,a,b_a,NA,NA,NA,NA,NA,NA,NA,NA,NA,10,01.08.2019,15.08.2019,213,227,220,14,"11,05","0,79",0,164728,8090455833,7772666667,7523888889,3724217982,5551886471,590
5938_2_G,5938_2,Agricultural,b,meadow,b,b_b,NA,NA,NA,NA,NA,NA,NA,NA,NA,3,NA,NA,NA,NA,NA,NA,NA,NA,1,NA,NA,7809666667,7445555556,3722568308,5551749366,580
5938_2_G,5938_2,Agricultural,b,meadow,b,b_b,NA,NA,NA,NA,NA,NA,NA,NA,NA,4,29.04.2019,14.05.2019,119,134,1265,15,"11,35","0,76",0,7288497396,7928816146,7809666667,7445555556,3722568308,5551749366,580
5938_2_G,5938_2,Agricultural,b,meadow,b,b_b,379,0,22,242,11,78,12,0,11,5,14.05.2019,29.05.2019,134,149,1415,15,"14,18","0,945333333",0,1157934115,8112951823,7809666667,7445555556,3722568308,5551749366,580
5938_2_G,5938_2,Agricultural,b,meadow,b,b_b,NA,NA,NA,NA,NA,NA,NA,NA,NA,6,29.05.2019,13.06.2019,149,164,1565,15,"43,06","2,870666667",0,1801936719,7140100781,7809666667,7445555556,3722568308,5551749366,580
5938_2_G,5938_2,Agricultural,b,meadow,b,b_b,337,4,18,202,15,56,30,4,8,7,13.06.2019,01.07.2019,164,182,173,18,87,"4,83",0,2145159649,6589255702,7809666667,7445555556,3722568308,5551749366,580
5938_2_G,5938_2,Agricultural,b,meadow,b,b_b,NA,NA,NA,NA,NA,NA,NA,NA,NA,8,01.07.2019,15.07.2019,182,197,1895,15,"45,05",3,0,1669708333,6500762222,7809666667,7445555556,3722568308,5551749366,580
5938_2_G,5938_2,Agricultural,b,meadow,b,b_b,479,10,35,259,13,103,41,11,6,9,15.07.2019,01.08.2019,196,213,2045,17,"94,09","5,53",0,2059172222,6958574074,7809666667,7445555556,3722568308,5551749366,580
5938_2_G,5938_2,Agricultural,b,meadow,b,b_b,NA,NA,NA,NA,NA,NA,NA,NA,NA,10,01.08.2019,15.08.2019,213,227,220,14,"32,58","2,33",0,1739763889,7881667222,7809666667,7445555556,3722568308,5551749366,580
5938_3_A,5938_3,Urban,c,arable field,c,c_c,NA,NA,NA,NA,NA,NA,NA,NA,NA,3,04.04.2019,04.05.2019,94,124,109,30,"9,94","0,33",0,7915638441,7325944086,7875333333,7803055556,371777168,5548689192,538
5938_3_A,5938_3,Urban,c,arable field,c,c_c,NA,NA,NA,NA,NA,NA,NA,NA,NA,4,04.05.2019,14.05.2019,124,134,129,10,"1,81","0,18",0,6108568182,8083139394,7875333333,7803055556,371777168,5548689192,538
5938_3_A,5938_3,Urban,c,arable field,c,c_c,303,3,24,203,12,46,6,0,10,5,14.05.2019,29.05.2019,134,149,1415,15,"12,25","0,816666667",0,108156224,8291935156,7875333333,7803055556,371777168,5548689192,538
5938_3_A,5938_3,Urban,c,arable field,c,c_c,NA,NA,NA,NA,NA,NA,NA,NA,NA,6,29.05.2019,13.06.2019,149,164,1565,15,"31,71","2,11",0,1686020052,7420855469,7875333333,7803055556,371777168,5548689192,538
5938_3_A,5938_3,Urban,c,arable field,c,c_c,354,2,21,222,18,61,20,1,7,7,13.06.2019,01.07.2019,164,182,173,18,"46,4","2,58",0,2027601974,6903791667,7875333333,7803055556,371777168,5548689192,538
5938_3_A,5938_3,Urban,c,arable field,c,c_c,NA,NA,NA,NA,NA,NA,NA,NA,NA,8,01.07.2019,16.07.2019,182,197,1895,15,"34,02","2,27",0,160903776,6903859115,7875333333,7803055556,371777168,5548689192,538
5938_3_A,5938_3,Urban,c,arable field,c,c_c,388,8,25,209,29,83,24,1,10,9,16.07.2019,31.07.2019,197,212,2045,15,"33,08","2,21",0,2053573958,6950276823,7875333333,7803055556,371777168,5548689192,538
5938_3_A,5938_3,Urban,c,arable field,c,c_c,NA,NA,NA,NA,NA,NA,NA,NA,NA,10,31.07.2019,15.08.2019,212,227,2195,15,"18,89","1,26",0,1707856771,7905627083,7875333333,7803055556,371777168,5548689192,538
5938_3_F,5938_3,Urban,c,forest,a,c_a,NA,NA,NA,NA,NA,NA,NA,NA,NA,3,04.04.2019,07.05.2019,94,127,1105,33,"11,76","0,36",0,7993698529,7239094118,8734333333,7302777778,3718214086,5546070682,625
5938_3_F,5938_3,Urban,c,forest,a,c_a,NA,NA,NA,NA,NA,NA,NA,NA,NA,4,07.05.2019,14.05.2019,127,134,1305,7,"3,04","0,43",0,7768098958,7778075,8734333333,7302777778,3718214086,5546070682,625
5938_3_F,5938_3,Urban,c,forest,a,c_a,235,3,16,159,9,29,14,1,7,5,14.05.2019,29.05.2019,134,149,1415,15,"21,29","1,419333333",0,1115552344,8188548698,8734333333,7302777778,3718214086,5546070682,625
5938_3_F,5938_3,Urban,c,forest,a,c_a,NA,NA,NA,NA,NA,NA,NA,NA,NA,6,29.05.2019,13.06.2019,149,164,1565,15,"52,23","3,48",0,1749795313,7019849479,8734333333,7302777778,3718214086,5546070682,625
5938_3_F,5938_3,Urban,c,forest,a,c_a,400,12,17,258,8,45,60,3,4,7,13.06.2019,01.07.2019,164,182,173,18,"118,1","6,56",0,2083381798,6520679386,8734333333,7302777778,3718214086,5546070682,625
5938_3_F,5938_3,Urban,c,forest,a,c_a,NA,NA,NA,NA,NA,NA,NA,NA,NA,8,01.07.2019,16.07.2019,182,197,1895,15,"56,66","3,78",0,1671741927,6582923958,8734333333,7302777778,3718214086,5546070682,625
5938_3_F,5938_3,Urban,c,forest,a,c_a,452,11,13,289,10,74,48,6,4,9,16.07.2019,31.07.2019,197,212,2045,15,"109,89","7,33",0,2088513281,6919261979,8734333333,7302777778,3718214086,5546070682,625
5938_3_F,5938_3,Urban,c,forest,a,c_a,NA,NA,NA,NA,NA,NA,NA,NA,NA,10,31.07.2019,15.08.2019,212,227,2195,15,"54,11","3,61",0,1693648698,8242015885,8734333333,7302777778,3718214086,5546070682,625
5938_3_U,5938_3,Urban,c,settlement,d,c_d,NA,NA,NA,NA,NA,NA,NA,NA,NA,3,04.04.2019,04.05.2019,94,124,109,30,"10,25","0,34",0,8701672043,7053289516,8527,7478055556,3716338204,5546486233,581
5938_3_U,5938_3,Urban,c,settlement,d,c_d,NA,NA,NA,NA,NA,NA,NA,NA,NA,4,04.05.2019,14.05.2019,124,134,129,10,"1,39","0,14",0,6819166667,7789539773,8527,7478055556,3716338204,5546486233,581
5938_3_U,5938_3,Urban,c,settlement,d,c_d,254,3,11,177,10,38,5,0,12,5,14.05.2019,29.05.2019,134,149,1415,15,"7,22","0,481333333",0,1166891146,7978864323,8527,7478055556,3716338204,5546486233,581
5938_3_U,5938_3,Urban,c,settlement,d,c_d,NA,NA,NA,NA,NA,NA,NA,NA,NA,6,29.05.2019,13.06.2019,149,164,1565,15,"13,77","0,92",0,1785748438,697149375,8527,7478055556,3716338204,5546486233,581
5938_3_U,5938_3,Urban,c,settlement,d,c_d,367,9,12,218,14,60,46,0,14,7,13.06.2019,01.07.2019,164,182,173,18,"37,8","2,1",0,2098836184,6595236184,8527,7478055556,3716338204,5546486233,581
5938_3_U,5938_3,Urban,c,settlement,d,c_d,NA,NA,NA,NA,NA,NA,NA,NA,NA,8,01.07.2019,16.07.2019,182,197,1895,15,"14,53","0,97",0,1651598958,6650755208,8527,7478055556,3716338204,5546486233,581
5938_3_U,5938_3,Urban,c,settlement,d,c_d,366,7,17,209,12,78,27,3,11,9,16.07.2019,31.07.2019,197,212,2045,15,"20,99","1,4",0,2095720313,6804304167,8527,7478055556,3716338204,5546486233,581
5938_3_U,5938_3,Urban,c,settlement,d,c_d,NA,NA,NA,NA,NA,NA,NA,NA,NA,10,31.07.2019,15.08.2019,212,227,2195,15,"11,6","0,77",0,1743186979,7826372656,8527,7478055556,3716338204,5546486233,581
6022_1_F,6022_1,Semi-natural,a,forest,a,a_a,NA,NA,NA,NA,NA,NA,NA,NA,NA,3,17.04.2019,02.05.2019,107,122,1145,15,"24,35","1,62",0,1204439063,6260622396,10482,8364722222,3525643245,5537042658,445
6022_1_F,6022_1,Semi-natural,a,forest,a,a_a,NA,NA,NA,NA,NA,NA,NA,NA,NA,4,02.05.2019,15.05.2019,122,135,1285,13,"4,64","0,36",0,7717645833,7398779762,10482,8364722222,3525643245,5537042658,445
6022_1_F,6022_1,Semi-natural,a,forest,a,a_a,285,9,32,125,13,80,26,0,9,5,15.05.2019,29.05.2019,135,149,142,14,"20,69","1,477857143",0,1209837222,8169732222,10482,8364722222,3525643245,5537042658,445
6022_1_F,6022_1,Semi-natural,a,forest,a,a_a,NA,NA,NA,NA,NA,NA,NA,NA,NA,6,29.05.2019,13.06.2019,149,164,1565,15,"23,83","1,59",0,1591771615,7997039323,10482,8364722222,3525643245,5537042658,445
6022_1_F,6022_1,Semi-natural,a,forest,a,a_a,425,13,22,220,12,93,68,3,4,7,13.06.2019,28.06.2019,164,179,1715,15,"40,2","2,68",0,191899349,7737444531,10482,8364722222,3525643245,5537042658,445
6022_1_F,6022_1,Semi-natural,a,forest,a,a_a,NA,NA,NA,NA,NA,NA,NA,NA,NA,8,28.06.2019,15.07.2019,179,196,1875,17,"51,81","3,05",0,168435625,6972109954,10482,8364722222,3525643245,5537042658,445
6022_1_F,6022_1,Semi-natural,a,forest,a,a_a,458,19,21,248,24,73,56,14,9,9,15.07.2019,31.07.2019,196,212,204,16,"45,5","2,84",0,2039511029,7065434069,10482,8364722222,3525643245,5537042658,445
6022_1_F,6022_1,Semi-natural,a,forest,a,a_a,NA,NA,NA,NA,NA,NA,NA,NA,NA,10,31.07.2019,14.08.2019,212,226,219,14,"11,7","0,84",0,1768091944,7871644444,10482,8364722222,3525643245,5537042658,445
6022_1_G,6022_1,Semi-natural,a,meadow,b,a_b,NA,NA,NA,NA,NA,NA,NA,NA,NA,3,17.04.2019,02.05.2019,107,122,1145,15,"17,41","1,16",0,1190434375,6261350521,9883666667,8816388889,3527904937,5537888043,401
6022_1_G,6022_1,Semi-natural,a,meadow,b,a_b,NA,NA,NA,NA,NA,NA,NA,NA,NA,4,02.05.2019,15.05.2019,122,135,1285,13,"4,03","0,31",0,7608241071,7433212202,9883666667,8816388889,3527904937,5537888043,401
6022_1_G,6022_1,Semi-natural,a,meadow,b,a_b,290,6,11,201,4,42,23,0,7,5,15.05.2019,29.05.2019,135,149,142,14,"26,23","1,873571429",0,1208925556,8097006944,9883666667,8816388889,3527904937,5537888043,401
6022_1_G,6022_1,Semi-natural,a,meadow,b,a_b,NA,NA,NA,NA,NA,NA,NA,NA,NA,6,29.05.2019,13.06.2019,149,164,1565,15,"52,64","3,51",0,1612521354,7785978906,9883666667,8816388889,3527904937,5537888043,401
6022_1_G,6022_1,Semi-natural,a,meadow,b,a_b,317,11,14,175,10,57,47,6,3,7,13.06.2019,28.06.2019,164,179,1715,15,"95,7","6,38",0,1971652865,739166276,9883666667,8816388889,3527904937,5537888043,401
6022_1_G,6022_1,Semi-natural,a,meadow,b,a_b,NA,NA,NA,NA,NA,NA,NA,NA,NA,8,28.06.2019,15.07.2019,179,196,1875,17,"105,62","6,21",0,1708910417,6932850694,9883666667,8816388889,3527904937,5537888043,401
6022_1_G,6022_1,Semi-natural,a,meadow,b,a_b,288,17,5,163,7,41,49,11,7,9,15.07.2019,31.07.2019,196,212,204,16,"145,54","9,1",0,2070659069,6918796324,9883666667,8816388889,3527904937,5537888043,401
6022_1_G,6022_1,Semi-natural,a,meadow,b,a_b,NA,NA,NA,NA,NA,NA,NA,NA,NA,10,31.07.2019,14.08.2019,212,226,219,14,"38,99","2,79",0,1776179444,7672195278,9883666667,8816388889,3527904937,5537888043,401
6022_1_U,6022_1,Semi-natural,a,settlement,d,a_d,NA,NA,NA,NA,NA,NA,NA,NA,NA,3,17.04.2019,02.05.2019,107,122,1145,15,"27,31","1,82",0,1192323177,6583483073,9695,8958888889,3527991126,5536405342,346
6022_1_U,6022_1,Semi-natural,a,settlement,d,a_d,NA,NA,NA,NA,NA,NA,NA,NA,NA,4,02.05.2019,15.05.2019,122,135,1285,13,"12,07","0,93",0,8249800595,7456402381,9695,8958888889,3527991126,5536405342,346
6022_1_U,6022_1,Semi-natural,a,settlement,d,a_d,372,8,20,241,13,64,27,0,3,5,15.05.2019,29.05.2019,135,149,142,14,"51,88","3,705714286",0,131209,78894125,9695,8958888889,3527991126,5536405342,346
6022_1_U,6022_1,Semi-natural,a,settlement,d,a_d,NA,NA,NA,NA,NA,NA,NA,NA,NA,6,29.05.2019,13.06.2019,149,164,1565,15,"46,08","3,07",0,1737090625,7538283333,9695,8958888889,3527991126,5536405342,346
6022_1_U,6022_1,Semi-natural,a,settlement,d,a_d,435,8,19,282,13,68,44,3,2,7,13.06.2019,28.06.2019,164,179,1715,15,"105,5","7,03",0,20528,7254496875,9695,8958888889,3527991126,5536405342,346
6022_1_U,6022_1,Semi-natural,a,settlement,d,a_d,NA,NA,NA,NA,NA,NA,NA,NA,NA,8,28.06.2019,15.07.2019,179,196,1875,17,"87,9","5,17",0,1760359954,6975593056,9695,8958888889,3527991126,5536405342,346
6022_1_U,6022_1,Semi-natural,a,settlement,d,a_d,468,20,18,292,13,63,55,11,7,9,15.07.2019,31.07.2019,196,212,204,16,"72,75","4,55",0,2101462255,7103977941,9695,8958888889,3527991126,5536405342,346
6022_1_U,6022_1,Semi-natural,a,settlement,d,a_d,NA,NA,NA,NA,NA,NA,NA,NA,NA,10,31.07.2019,14.08.2019,212,226,219,14,"33,61","2,4",0,1815413333,7733674444,9695,8958888889,3527991126,5536405342,346
6026_3_A,6026_3,Agricultural,b,arable field,c,b_c,NA,NA,NA,NA,NA,NA,NA,NA,NA,3,18.04.2019,01.05.2019,108,121,1145,13,"17,06","1,31",0,1316258036,6264578571,6291,9499722222,3575863595,5531875963,272
6026_3_A,6026_3,Agricultural,b,arable field,c,b_c,NA,NA,NA,NA,NA,NA,NA,NA,NA,4,01.05.2019,16.05.2019,121,136,1285,15,"11,89","0,79",0,9484463542,751620625,6291,9499722222,3575863595,5531875963,272
6026_3_A,6026_3,Agricultural,b,arable field,c,b_c,247,4,15,171,5,44,10,0,2,5,16.05.2019,30.05.2019,136,150,143,14,"16,98","1,212857143",0,147469,7895851111,6291,9499722222,3575863595,5531875963,272
6026_3_A,6026_3,Agricultural,b,arable field,c,b_c,NA,NA,NA,NA,NA,NA,NA,NA,NA,6,30.05.2019,16.06.2019,150,167,1585,17,"51,64","3,04",0,1928127778,7506927778,6291,9499722222,3575863595,5531875963,272
6026_3_A,6026_3,Agricultural,b,arable field,c,b_c,291,4,18,190,11,38,22,5,3,7,16.06.2019,29.06.2019,167,180,1735,13,70,"5,38",0,2278666369,7162130655,6291,9499722222,3575863595,5531875963,272
6026_3_A,6026_3,Agricultural,b,arable field,c,b_c,NA,NA,NA,NA,NA,NA,NA,NA,NA,8,29.06.2019,16.07.2019,180,197,1885,17,"86,66","5,1",0,1956763889,6743706944,6291,9499722222,3575863595,5531875963,272
6026_3_A,6026_3,Agricultural,b,arable field,c,b_c,307,13,18,156,12,66,31,12,4,9,16.07.2019,02.08.2019,197,214,2055,17,"77,21","4,54",0,2362759722,6399729398,6291,9499722222,3575863595,5531875963,272
6026_3_A,6026_3,Agricultural,b,arable field,c,b_c,NA,NA,NA,NA,NA,NA,NA,NA,NA,10,02.08.2019,15.08.2019,214,227,2205,13,"36,53","2,81",0,1957785417,764255119,6291,9499722222,3575863595,5531875963,272
6026_3_G,6026_3,Agricultural,b,meadow,b,b_b,NA,NA,NA,NA,NA,NA,NA,NA,NA,3,18.04.2019,01.05.2019,108,121,1145,13,"21,26","1,64",0,1226669345,6606177083,6754666667,9240555556,3573432975,5533040482,283
6026_3_G,6026_3,Agricultural,b,meadow,b,b_b,NA,NA,NA,NA,NA,NA,NA,NA,NA,4,01.05.2019,16.05.2019,121,136,1285,15,"6,73","0,45",0,9235401042,7503516667,6754666667,9240555556,3573432975,5533040482,283
6026_3_G,6026_3,Agricultural,b,meadow,b,b_b,197,8,8,126,5,39,14,1,2,5,16.05.2019,30.05.2019,136,150,143,14,"24,88","1,777142857",0,1450417778,7784435278,6754666667,9240555556,3573432975,5533040482,283
6026_3_G,6026_3,Agricultural,b,meadow,b,b_b,NA,NA,NA,NA,NA,NA,NA,NA,NA,6,30.05.2019,16.06.2019,150,167,1585,17,"54,86","3,23",0,192281713,7312859491,6754666667,9240555556,3573432975,5533040482,283
6026_3_G,6026_3,Agricultural,b,meadow,b,b_b,370,9,8,233,8,67,41,6,3,7,16.06.2019,29.06.2019,167,180,1735,13,"141,2","10,86",0,224943125,7067801488,6754666667,9240555556,3573432975,5533040482,283
6026_3_G,6026_3,Agricultural,b,meadow,b,b_b,NA,NA,NA,NA,NA,NA,NA,NA,NA,8,29.06.2019,16.07.2019,180,197,1885,17,"138,92","8,17",0,1877879861,6892402083,6754666667,9240555556,3573432975,5533040482,283
6026_3_G,6026_3,Agricultural,b,meadow,b,b_b,270,12,11,145,11,48,31,9,4,9,16.07.2019,02.08.2019,197,214,2055,17,"118,17","6,95",0,2262630787,6638750463,6754666667,9240555556,3573432975,5533040482,283
6026_3_G,6026_3,Agricultural,b,meadow,b,b_b,NA,NA,NA,NA,NA,NA,NA,NA,NA,10,02.08.2019,15.08.2019,214,227,2205,13,"48,62","3,74",0,1920122024,7658179464,6754666667,9240555556,3573432975,5533040482,283
6026_3_U,6026_3,Agricultural,b,settlement,d,b_d,NA,NA,NA,NA,NA,NA,NA,NA,NA,3,18.04.2019,01.05.2019,108,121,1145,13,"16,55","1,27",0,1281873512,6724478274,6277,9546666667,3575544747,5534038792,260
6026_3_U,6026_3,Agricultural,b,settlement,d,b_d,NA,NA,NA,NA,NA,NA,NA,NA,NA,4,01.05.2019,16.05.2019,121,136,1285,15,"14,71","0,98",0,9698234375,7561798177,6277,9546666667,3575544747,5534038792,260
6026_3_U,6026_3,Agricultural,b,settlement,d,b_d,393,7,33,254,10,71,17,0,4,5,16.05.2019,30.05.2019,136,150,143,14,"33,69","2,406428571",0,1484414722,7969963889,6277,9546666667,3575544747,5534038792,260
6026_3_U,6026_3,Agricultural,b,settlement,d,b_d,NA,NA,NA,NA,NA,NA,NA,NA,NA,6,30.05.2019,16.06.2019,150,167,1585,17,"49,49","2,91",0,1918082176,7689563889,6277,9546666667,3575544747,5534038792,260
6026_3_U,6026_3,Agricultural,b,settlement,d,b_d,422,13,25,244,20,81,39,2,5,7,16.06.2019,29.06.2019,167,180,1735,13,"71,4","5,49",0,2298247321,7199562798,6277,9546666667,3575544747,5534038792,260
6026_3_U,6026_3,Agricultural,b,settlement,d,b_d,NA,NA,NA,NA,NA,NA,NA,NA,NA,8,29.06.2019,16.07.2019,180,197,1885,17,"69,89","4,11",0,1902373843,6828553704,6277,9546666667,3575544747,5534038792,260
6026_3_U,6026_3,Agricultural,b,settlement,d,b_d,446,12,30,249,23,82,44,2,8,9,16.07.2019,02.08.2019,197,214,2055,17,"93,73","5,51",0,2248381019,6788097917,6277,9546666667,3575544747,5534038792,260
6026_3_U,6026_3,Agricultural,b,settlement,d,b_d,NA,NA,NA,NA,NA,NA,NA,NA,NA,10,02.08.2019,15.08.2019,214,227,2205,13,"32,15","2,47",0,1911355952,7853506548,6277,9546666667,3575544747,5534038792,260
6027_3_A,6027_3,Agricultural,b,arable field,c,b_c,NA,NA,NA,NA,NA,NA,NA,NA,NA,3,18.04.2019,01.05.2019,108,121,1145,13,"11,19","0,86",0,1388741667,6192974702,5766333333,9861111111,3585643236,5532196378,215
6027_3_A,6027_3,Agricultural,b,arable field,c,b_c,NA,NA,NA,NA,NA,NA,NA,NA,NA,4,01.05.2019,16.05.2019,121,136,1285,15,"12,74","0,85",0,103384401,7283279427,5766333333,9861111111,3585643236,5532196378,215
6027_3_A,6027_3,Agricultural,b,arable field,c,b_c,319,4,16,205,11,61,19,0,5,5,16.05.2019,30.05.2019,136,150,143,14,"16,35","1,167857143",0,1517013333,7847367778,5766333333,9861111111,3585643236,5532196378,215
6027_3_A,6027_3,Agricultural,b,arable field,c,b_c,NA,NA,NA,NA,NA,NA,NA,NA,NA,6,30.05.2019,16.06.2019,150,167,1585,17,"42,84","2,52",0,19853125,7332397917,5766333333,9861111111,3585643236,5532196378,215
6027_3_A,6027_3,Agricultural,b,arable field,c,b_c,348,13,8,196,11,81,39,5,3,7,16.06.2019,29.06.2019,167,180,1735,13,"88,7","6,82",0,234825119,68326875,5766333333,9861111111,3585643236,5532196378,215
6027_3_A,6027_3,Agricultural,b,arable field,c,b_c,NA,NA,NA,NA,NA,NA,NA,NA,NA,8,29.06.2019,16.07.2019,180,197,1885,17,"65,1","3,83",0,2015771759,6338546759,5766333333,9861111111,3585643236,5532196378,215
6027_3_A,6027_3,Agricultural,b,arable field,c,b_c,NA,NA,NA,NA,NA,NA,NA,NA,NA,9,16.07.2019,02.08.2019,197,214,2055,17,NA,NA,1,2379093287,6258638657,5766333333,9861111111,3585643236,5532196378,215
6027_3_A,6027_3,Agricultural,b,arable field,c,b_c,NA,NA,NA,NA,NA,NA,NA,NA,NA,10,02.08.2019,15.08.2019,214,227,2205,13,56,"4,31",0,2018674405,7385679762,5766333333,9861111111,3585643236,5532196378,215
6027_3_F,6027_3,Agricultural,b,forest,a,b_a,NA,NA,NA,NA,NA,NA,NA,NA,NA,3,18.04.2019,01.05.2019,108,121,1145,13,"42,6","3,28",0,1392009524,6011014881,5997666667,9739166667,3586032518,5534115573,261
6027_3_F,6027_3,Agricultural,b,forest,a,b_a,NA,NA,NA,NA,NA,NA,NA,NA,NA,4,01.05.2019,16.05.2019,121,136,1285,15,"36,3","2,42",0,9943067708,7178979688,5997666667,9739166667,3586032518,5534115573,261
6027_3_F,6027_3,Agricultural,b,forest,a,b_a,345,23,31,202,12,75,9,0,11,5,16.05.2019,30.05.2019,136,150,143,14,"52,48","3,748571429",0,1475785278,7662105556,5997666667,9739166667,3586032518,5534115573,261
6027_3_F,6027_3,Agricultural,b,forest,a,b_a,NA,NA,NA,NA,NA,NA,NA,NA,NA,6,30.05.2019,16.06.2019,150,167,1585,17,"68,22","4,01",0,1947147454,7141458796,5997666667,9739166667,3586032518,5534115573,261
6027_3_F,6027_3,Agricultural,b,forest,a,b_a,397,23,36,212,8,85,36,2,9,7,16.06.2019,29.06.2019,167,180,1735,13,"73,3","5,64",0,2283696726,6759107738,5997666667,9739166667,3586032518,5534115573,261
6027_3_F,6027_3,Agricultural,b,forest,a,b_a,NA,NA,NA,NA,NA,NA,NA,NA,NA,8,29.06.2019,16.07.2019,180,197,1885,17,"73,13","4,3",0,1963339815,6211584954,5997666667,9739166667,3586032518,5534115573,261
6027_3_F,6027_3,Agricultural,b,forest,a,b_a,NA,NA,NA,NA,NA,NA,NA,NA,NA,9,16.07.2019,02.08.2019,197,214,2055,17,"288,26","16,96",0,232838125,6054731944,5997666667,9739166667,3586032518,5534115573,261
6027_3_F,6027_3,Agricultural,b,forest,a,b_a,NA,NA,NA,NA,NA,NA,NA,NA,NA,10,02.08.2019,15.08.2019,214,227,2205,13,"56,43","4,34",0,1960811905,7313178571,5997666667,9739166667,3586032518,5534115573,261
6027_3_U,6027_3,Agricultural,b,settlement,d,b_d,NA,NA,NA,NA,NA,NA,NA,NA,NA,3,18.04.2019,01.05.2019,108,121,1145,13,"41,1","3,16",0,1339139583,6260239583,5498333333,9818888889,3588702173,5532430292,229
6027_3_U,6027_3,Agricultural,b,settlement,d,b_d,NA,NA,NA,NA,NA,NA,NA,NA,NA,4,01.05.2019,16.05.2019,121,136,1285,15,"17,73","1,18",0,1006351302,7303821354,5498333333,9818888889,3588702173,5532430292,229
6027_3_U,6027_3,Agricultural,b,settlement,d,b_d,352,13,19,226,16,71,16,0,3,5,16.05.2019,30.05.2019,136,150,143,14,"28,03","2,002142857",0,1503881944,76978175,5498333333,9818888889,3588702173,5532430292,229
6027_3_U,6027_3,Agricultural,b,settlement,d,b_d,NA,NA,NA,NA,NA,NA,NA,NA,NA,6,30.05.2019,16.06.2019,150,167,1585,17,"59,55","3,5",0,1974284028,7293450694,5498333333,9818888889,3588702173,5532430292,229
6027_3_U,6027_3,Agricultural,b,settlement,d,b_d,446,18,18,242,24,102,43,6,7,7,16.06.2019,29.06.2019,167,180,1735,13,"115,2","8,86",0,2300023512,6864346131,5498333333,9818888889,3588702173,5532430292,229
6027_3_U,6027_3,Agricultural,b,settlement,d,b_d,NA,NA,NA,NA,NA,NA,NA,NA,NA,8,29.06.2019,16.07.2019,180,197,1885,17,"115,55","6,8",0,1999557639,6324611343,5498333333,9818888889,3588702173,5532430292,229
6027_3_U,6027_3,Agricultural,b,settlement,d,b_d,442,19,20,218,21,121,40,8,3,9,16.07.2019,02.08.2019,197,214,2055,17,"99,51","5,85",0,2337661343,6309806019,5498333333,9818888889,3588702173,5532430292,229
6027_3_U,6027_3,Agricultural,b,settlement,d,b_d,NA,NA,NA,NA,NA,NA,NA,NA,NA,10,02.08.2019,15.08.2019,214,227,2205,13,"54,5","4,19",0,2004709226,7424931548,5498333333,9818888889,3588702173,5532430292,229
6029_3_A,6029_3,Semi-natural,a,arable field,c,a_c,NA,NA,NA,NA,NA,NA,NA,NA,NA,3,18.04.2019,30.04.2019,108,120,114,12,"22,35","1,86",0,1349214423,5924795192,7714333333,8720277778,3611766271,5532408702,368
6029_3_A,6029_3,Semi-natural,a,arable field,c,a_c,NA,NA,NA,NA,NA,NA,NA,NA,NA,4,30.04.2019,15.05.2019,120,135,1275,15,"11,85","0,79",0,8834330729,782701901,7714333333,8720277778,3611766271,5532408702,368
6029_3_A,6029_3,Semi-natural,a,arable field,c,a_c,289,6,12,181,4,78,11,0,2,5,15.05.2019,28.05.2019,135,148,1415,13,"22,73","1,748461538",0,1371216071,8047146131,7714333333,8720277778,3611766271,5532408702,368
6029_3_A,6029_3,Semi-natural,a,arable field,c,a_c,NA,NA,NA,NA,NA,NA,NA,NA,NA,6,28.05.2019,13.06.2019,148,164,156,16,"42,67","2,67",0,1825006863,7591102696,7714333333,8720277778,3611766271,5532408702,368
6029_3_A,6029_3,Semi-natural,a,arable field,c,a_c,476,8,15,271,11,130,39,1,3,7,13.06.2019,26.06.2019,164,177,1705,13,"94,4","7,261538462",0,2187813393,7345270833,7714333333,8720277778,3611766271,5532408702,368
6029_3_A,6029_3,Semi-natural,a,arable field,c,a_c,NA,NA,NA,NA,NA,NA,NA,NA,NA,8,26.06.2019,12.07.2019,177,193,185,16,"117,07","7,32",0,2046247304,6451004657,7714333333,8720277778,3611766271,5532408702,368
6029_3_A,6029_3,Semi-natural,a,arable field,c,a_c,465,11,31,216,24,122,49,7,6,9,12.07.2019,30.07.2019,193,211,202,18,"102,77","5,71",0,2231569518,6760355702,7714333333,8720277778,3611766271,5532408702,368
6029_3_A,6029_3,Semi-natural,a,arable field,c,a_c,NA,NA,NA,NA,NA,NA,NA,NA,NA,10,30.07.2019,13.08.2019,211,225,218,14,"50,62","3,62",0,1997808056,7717099167,7714333333,8720277778,3611766271,5532408702,368
6029_3_F,6029_3,Semi-natural,a,forest,a,a_a,NA,NA,NA,NA,NA,NA,NA,NA,NA,3,18.04.2019,30.04.2019,108,120,114,12,"21,46","1,79",0,1412619872,5727277885,7347,8920277778,3609632625,5532255192,408
6029_3_F,6029_3,Semi-natural,a,forest,a,a_a,NA,NA,NA,NA,NA,NA,NA,NA,NA,4,30.04.2019,14.05.2019,120,134,127,14,"21,3","1,52",0,9539316667,7536948611,7347,8920277778,3609632625,5532255192,408
6029_3_F,6029_3,Semi-natural,a,forest,a,a_a,559,18,30,281,20,164,35,2,20,5,14.05.2019,30.05.2019,134,150,142,16,"37,83","2,364375",0,1336290196,7715927696,7347,8920277778,3609632625,5532255192,408
6029_3_F,6029_3,Semi-natural,a,forest,a,a_a,NA,NA,NA,NA,NA,NA,NA,NA,NA,6,30.05.2019,12.06.2019,150,163,1565,13,"55,31","4,25",0,1896235119,7219584226,7347,8920277778,3609632625,5532255192,408
6029_3_F,6029_3,Semi-natural,a,forest,a,a_a,596,15,40,299,27,138,59,3,16,7,12.06.2019,26.06.2019,163,177,170,14,"94,8","6,771428571",0,2127619167,7463882778,7347,8920277778,3609632625,5532255192,408
6029_3_F,6029_3,Semi-natural,a,forest,a,a_a,NA,NA,NA,NA,NA,NA,NA,NA,NA,8,26.06.2019,12.07.2019,177,193,185,16,"93,87","5,87",0,2066062745,6234081863,7347,8920277778,3609632625,5532255192,408
6029_3_F,6029_3,Semi-natural,a,forest,a,a_a,615,23,38,296,35,150,69,7,11,9,12.07.2019,30.07.2019,193,211,202,18,"88,77","4,93",0,2221157237,6741504605,7347,8920277778,3609632625,5532255192,408
6029_3_F,6029_3,Semi-natural,a,forest,a,a_a,NA,NA,NA,NA,NA,NA,NA,NA,NA,10,30.07.2019,13.08.2019,211,225,218,14,"44,65","3,19",0,1958295833,7810333056,7347,8920277778,3609632625,5532255192,408
6029_3_G,6029_3,Semi-natural,a,meadow,b,a_b,NA,NA,NA,NA,NA,NA,NA,NA,NA,3,18.04.2019,30.04.2019,108,120,114,12,"20,86","1,74",0,1249700641,642910641,7714333333,8720277778,3612131923,5532472503,366
6029_3_G,6029_3,Semi-natural,a,meadow,b,a_b,NA,NA,NA,NA,NA,NA,NA,NA,NA,4,30.04.2019,14.05.2019,120,134,127,14,"15,06","1,08",0,8738961111,7791933611,7714333333,8720277778,3612131923,5532472503,366
6029_3_G,6029_3,Semi-natural,a,meadow,b,a_b,416,9,22,259,10,80,28,2,12,5,14.05.2019,30.05.2019,134,150,142,16,"31,68","1,98",0,1275089951,7956527206,7714333333,8720277778,3612131923,5532472503,366
6029_3_G,6029_3,Semi-natural,a,meadow,b,a_b,NA,NA,NA,NA,NA,NA,NA,NA,NA,6,30.05.2019,12.06.2019,150,163,1565,13,"66,3","5,1",0,1821372619,7530483333,7714333333,8720277778,3612131923,5532472503,366
6029_3_G,6029_3,Semi-natural,a,meadow,b,a_b,435,10,21,251,30,74,38,8,7,7,12.06.2019,26.06.2019,163,177,170,14,"77,9","5,56",0,2063164444,7723920278,7714333333,8720277778,3612131923,5532472503,366
6029_3_G,6029_3,Semi-natural,a,meadow,b,a_b,NA,NA,NA,NA,NA,NA,NA,NA,NA,8,26.06.2019,12.07.2019,177,193,185,16,"129,21","8,08",0,1937627451,6765082598,7714333333,8720277778,3612131923,5532472503,366
6029_3_G,6029_3,Semi-natural,a,meadow,b,a_b,502,14,35,296,27,52,59,18,5,9,12.07.2019,30.07.2019,193,211,202,18,"159,6","8,87",0,2096119518,7222125877,7714333333,8720277778,3612131923,5532472503,366
6029_3_G,6029_3,Semi-natural,a,meadow,b,a_b,NA,NA,NA,NA,NA,NA,NA,NA,NA,10,30.07.2019,13.08.2019,211,225,218,14,"53,49","3,82",0,1888612222,7992443333,7714333333,8720277778,3612131923,5532472503,366
6031_4_F,6031_4,Urban,c,forest,a,c_a,NA,NA,NA,NA,NA,NA,NA,NA,NA,3,16.04.2019,01.05.2019,106,121,1135,15,"152,25","10,15",0,134641901,5710404688,6735,9509444444,3639222143,5532908286,281
6031_4_F,6031_4,Urban,c,forest,a,c_a,NA,NA,NA,NA,NA,NA,NA,NA,NA,4,01.05.2019,15.05.2019,121,135,128,14,"12,08","0,862857143",0,9118652778,753936,6735,9509444444,3639222143,5532908286,281
6031_4_F,6031_4,Urban,c,forest,a,c_a,522,6,38,292,21,130,22,0,14,5,15.05.2019,29.05.2019,135,149,142,14,"19,83","1,416428571",0,1361689167,8002065556,6735,9509444444,3639222143,5532908286,281
6031_4_F,6031_4,Urban,c,forest,a,c_a,NA,NA,NA,NA,NA,NA,NA,NA,NA,6,29.05.2019,13.06.2019,149,164,1565,15,"34,89","2,33",0,1870965104,73291875,6735,9509444444,3639222143,5532908286,281
6031_4_F,6031_4,Urban,c,forest,a,c_a,661,23,41,341,21,167,64,2,15,7,13.06.2019,26.06.2019,164,177,1705,13,"41,5","3,19",0,2193475298,7052377083,6735,9509444444,3639222143,5532908286,281
6031_4_F,6031_4,Urban,c,forest,a,c_a,NA,NA,NA,NA,NA,NA,NA,NA,NA,8,26.06.2019,13.07.2019,177,194,1855,17,"29,37","1,73",0,200752338,6261636111,6735,9509444444,3639222143,5532908286,281
6031_4_F,6031_4,Urban,c,forest,a,c_a,421,23,20,206,26,90,42,7,7,9,13.07.2019,30.07.2019,194,211,2025,17,"35,49","2,09",0,2174424769,6965859722,6735,9509444444,3639222143,5532908286,281
6031_4_F,6031_4,Urban,c,forest,a,c_a,NA,NA,NA,NA,NA,NA,NA,NA,NA,10,30.07.2019,14.08.2019,211,226,2185,15,"22,12","1,47",0,1901075,7976709635,6735,9509444444,3639222143,5532908286,281
6031_4_G,6031_4,Urban,c,meadow,b,c_b,NA,NA,NA,NA,NA,NA,NA,NA,NA,3,16.04.2019,01.05.2019,106,121,1135,15,"21,3","1,42",0,1342081771,5919236719,6704666667,9546111111,3640680912,5535165992,259
6031_4_G,6031_4,Urban,c,meadow,b,c_b,NA,NA,NA,NA,NA,NA,NA,NA,NA,4,01.05.2019,15.05.2019,121,135,128,14,"7,35","0,525",0,8946294444,7743405278,6704666667,9546111111,3640680912,5535165992,259
6031_4_G,6031_4,Urban,c,meadow,b,c_b,386,14,19,234,18,91,16,1,7,5,15.05.2019,29.05.2019,135,149,142,14,"20,3","1,45",0,1389138333,798837,6704666667,9546111111,3640680912,5535165992,259
6031_4_G,6031_4,Urban,c,meadow,b,c_b,NA,NA,NA,NA,NA,NA,NA,NA,NA,6,29.05.2019,13.06.2019,149,164,1565,15,"25,23","1,68",0,190738125,7392968229,6704666667,9546111111,3640680912,5535165992,259
6031_4_G,6031_4,Urban,c,meadow,b,c_b,551,15,31,304,24,122,56,0,8,7,13.06.2019,26.06.2019,164,177,1705,13,36,"2,77",0,2257216667,7101304167,6704666667,9546111111,3640680912,5535165992,259
6031_4_G,6031_4,Urban,c,meadow,b,c_b,NA,NA,NA,NA,NA,NA,NA,NA,NA,8,26.06.2019,13.07.2019,177,194,1855,17,"34,94","2,06",0,2013927315,6532209259,6704666667,9546111111,3640680912,5535165992,259
6031_4_G,6031_4,Urban,c,meadow,b,c_b,551,19,46,278,21,126,52,16,8,9,13.07.2019,30.07.2019,194,211,2025,17,"39,36","2,32",0,2207903472,7100985417,6704666667,9546111111,3640680912,5535165992,259
6031_4_G,6031_4,Urban,c,meadow,b,c_b,NA,NA,NA,NA,NA,NA,NA,NA,NA,10,30.07.2019,14.08.2019,211,226,2185,15,"19,97","1,33",0,1962467708,7926796094,6704666667,9546111111,3640680912,5535165992,259
6031_4_U,6031_4,Urban,c,settlement,d,c_d,NA,NA,NA,NA,NA,NA,NA,NA,NA,3,16.04.2019,01.05.2019,106,121,1135,15,"15,18","1,01",0,1365125,5575789323,6704666667,9546111111,3640815098,5534897283,285
6031_4_U,6031_4,Urban,c,settlement,d,c_d,NA,NA,NA,NA,NA,NA,NA,NA,NA,4,01.05.2019,15.05.2019,121,135,128,14,"3,78","0,27",0,8908966667,7397779444,6704666667,9546111111,3640815098,5534897283,285
6031_4_U,6031_4,Urban,c,settlement,d,c_d,335,6,23,207,12,73,9,0,9,5,15.05.2019,29.05.2019,135,149,142,14,"12,39","0,885",0,1380515278,7744027778,6704666667,9546111111,3640815098,5534897283,285
6031_4_U,6031_4,Urban,c,settlement,d,c_d,NA,NA,NA,NA,NA,NA,NA,NA,NA,6,29.05.2019,13.06.2019,149,164,1565,15,"25,04","1,67",0,1948823958,7063999479,6704666667,9546111111,3640815098,5534897283,285
6031_4_U,6031_4,Urban,c,settlement,d,c_d,537,10,27,270,30,136,56,5,6,7,13.06.2019,26.06.2019,164,177,1705,13,"52,6","4,05",0,2308392262,6621171429,6704666667,9546111111,3640815098,5534897283,285
6031_4_U,6031_4,Urban,c,settlement,d,c_d,NA,NA,NA,NA,NA,NA,NA,NA,NA,8,26.06.2019,13.07.2019,177,194,1855,17,"79,85","4,7",0,208310463,5825699537,6704666667,9546111111,3640815098,5534897283,285
6031_4_U,6031_4,Urban,c,settlement,d,c_d,507,7,29,283,33,95,43,1,10,9,13.07.2019,30.07.2019,194,211,2025,17,"26,4","1,55",0,2267781944,647018912,6704666667,9546111111,3640815098,5534897283,285
6031_4_U,6031_4,Urban,c,settlement,d,c_d,NA,NA,NA,NA,NA,NA,NA,NA,NA,10,30.07.2019,14.08.2019,211,226,2185,15,"20,36","1,36",0,1994590104,7421692708,6704666667,9546111111,3640815098,5534897283,285
6032_4_A,6032_4,Agricultural,b,arable field,c,b_c,NA,NA,NA,NA,NA,NA,NA,NA,NA,3,15.04.2019,02.05.2019,105,122,1135,17,"13,86","0,82",0,1221043519,5808923843,9252666667,8181666667,3649942847,5534530611,531
6032_4_A,6032_4,Agricultural,b,arable field,c,b_c,NA,NA,NA,NA,NA,NA,NA,NA,NA,4,02.05.2019,16.05.2019,122,136,129,14,"3,19","0,23",0,7423094444,7664699444,9252666667,8181666667,3649942847,5534530611,531
6032_4_A,6032_4,Agricultural,b,arable field,c,b_c,410,5,17,253,10,101,21,0,5,5,16.05.2019,29.05.2019,136,149,1425,13,"30,39","2,337692308",0,1325838393,7887549702,9252666667,8181666667,3649942847,5534530611,531
6032_4_A,6032_4,Agricultural,b,arable field,c,b_c,NA,NA,NA,NA,NA,NA,NA,NA,NA,6,29.05.2019,12.06.2019,149,163,156,14,"40,12","2,865714286",0,1800380833,7095536389,9252666667,8181666667,3649942847,5534530611,531
6032_4_A,6032_4,Agricultural,b,arable field,c,b_c,507,17,31,247,23,129,64,4,5,7,12.06.2019,27.06.2019,163,178,1705,15,"83,9","5,59",0,2138748177,684242526,9252666667,8181666667,3649942847,5534530611,531
6032_4_A,6032_4,Agricultural,b,arable field,c,b_c,NA,NA,NA,NA,NA,NA,NA,NA,NA,8,27.06.2019,13.07.2019,178,194,186,16,"121,46","7,59",0,19006625,6138560784,9252666667,8181666667,3649942847,5534530611,531
6032_4_A,6032_4,Agricultural,b,arable field,c,b_c,378,10,19,177,4,106,60,4,3,9,13.07.2019,31.07.2019,194,212,203,18,"86,28","4,79",0,2134694298,6613401754,9252666667,8181666667,3649942847,5534530611,531
6032_4_A,6032_4,Agricultural,b,arable field,c,b_c,NA,NA,NA,NA,NA,NA,NA,NA,NA,10,31.07.2019,14.08.2019,212,226,219,14,"28,3","2,02",0,1862668333,7344159444,9252666667,8181666667,3649942847,5534530611,531
6032_4_F,6032_4,Agricultural,b,forest,a,b_a,NA,NA,NA,NA,NA,NA,NA,NA,NA,3,15.04.2019,02.05.2019,105,122,1135,17,"41,68","2,45",0,1231898611,5994063194,8537,8555,3652966745,5532754251,493
6032_4_F,6032_4,Agricultural,b,forest,a,b_a,NA,NA,NA,NA,NA,NA,NA,NA,NA,4,02.05.2019,16.05.2019,122,136,129,14,"7,7","0,55",0,7871083333,7837148333,8537,8555,3652966745,5532754251,493
6032_4_F,6032_4,Agricultural,b,forest,a,b_a,380,5,22,216,9,107,19,1,5,5,16.05.2019,29.05.2019,136,149,1425,13,"20,62","1,586153846",0,1327633929,8235322619,8537,8555,3652966745,5532754251,493
6032_4_F,6032_4,Agricultural,b,forest,a,b_a,NA,NA,NA,NA,NA,NA,NA,NA,NA,6,29.05.2019,12.06.2019,149,163,156,14,"53,05","3,789285714",0,1787751944,7481045833,8537,8555,3652966745,5532754251,493
6032_4_F,6032_4,Agricultural,b,forest,a,b_a,401,7,17,246,14,84,32,3,2,7,12.06.2019,27.06.2019,163,178,1705,15,"104,3","6,95",0,213793151,6918489583,8537,8555,3652966745,5532754251,493
6032_4_F,6032_4,Agricultural,b,forest,a,b_a,NA,NA,NA,NA,NA,NA,NA,NA,NA,8,27.06.2019,13.07.2019,178,194,186,16,"141,24","8,83",0,1934294363,5964022059,8537,8555,3652966745,5532754251,493
6032_4_F,6032_4,Agricultural,b,forest,a,b_a,465,13,22,268,19,83,51,6,8,9,13.07.2019,31.07.2019,194,212,203,18,"84,32","4,68",0,2119437281,6953622807,8537,8555,3652966745,5532754251,493
6032_4_F,6032_4,Agricultural,b,forest,a,b_a,NA,NA,NA,NA,NA,NA,NA,NA,NA,10,31.07.2019,14.08.2019,212,226,219,14,"18,96","1,35",0,1822780556,7906215,8537,8555,3652966745,5532754251,493
6032_4_G,6032_4,Agricultural,b,meadow,b,b_b,NA,NA,NA,NA,NA,NA,NA,NA,NA,3,15.04.2019,02.05.2019,105,122,1135,17,"18,53","1,09",0,1290651389,5834636111,9198666667,8265,3651460248,5532538977,490
6032_4_G,6032_4,Agricultural,b,meadow,b,b_b,NA,NA,NA,NA,NA,NA,NA,NA,NA,4,02.05.2019,16.05.2019,122,136,129,14,"5,21","0,37",0,8456547222,7481194444,9198666667,8265,3651460248,5532538977,490
6032_4_G,6032_4,Agricultural,b,meadow,b,b_b,453,12,30,247,13,116,38,0,7,5,16.05.2019,29.05.2019,136,149,1425,13,"25,62","1,970769231",0,1391333631,7911277679,9198666667,8265,3651460248,5532538977,490
6032_4_G,6032_4,Agricultural,b,meadow,b,b_b,NA,NA,NA,NA,NA,NA,NA,NA,NA,6,29.05.2019,12.06.2019,149,163,156,14,"39,22","2,801428571",0,1873696667,7195185,9198666667,8265,3651460248,5532538977,490
6032_4_G,6032_4,Agricultural,b,meadow,b,b_b,550,21,19,304,32,113,63,4,7,7,12.06.2019,27.06.2019,163,178,1705,15,92,"6,13",0,2241751302,6699170313,9198666667,8265,3651460248,5532538977,490
6032_4_G,6032_4,Agricultural,b,meadow,b,b_b,NA,NA,NA,NA,NA,NA,NA,NA,NA,8,27.06.2019,13.07.2019,178,194,186,16,"166,85","10,43",0,2003198284,5781297549,9198666667,8265,3651460248,5532538977,490
6032_4_G,6032_4,Agricultural,b,meadow,b,b_b,567,25,34,278,28,122,82,10,6,9,13.07.2019,31.07.2019,194,212,203,18,"108,46","6,03",0,2198420833,6645233333,9198666667,8265,3651460248,5532538977,490
6032_4_G,6032_4,Agricultural,b,meadow,b,b_b,NA,NA,NA,NA,NA,NA,NA,NA,NA,10,31.07.2019,14.08.2019,212,226,219,14,"41,3","2,95",0,1888966389,7536025,9198666667,8265,3651460248,5532538977,490
6034_2_A,6034_2,Semi-natural,a,arable field,c,a_c,NA,NA,NA,NA,NA,NA,NA,NA,NA,3,11.04.2019,26.04.2019,101,116,1085,15,"7,82","0,52",0,109063125,5623522917,7777,84475,3674400659,554084586,415
6034_2_A,6034_2,Semi-natural,a,arable field,c,a_c,NA,NA,NA,NA,NA,NA,NA,NA,NA,4,26.04.2019,13.05.2019,116,133,1245,17,"4,37","0,26",0,842231713,7791575231,7777,84475,3674400659,554084586,415
6034_2_A,6034_2,Semi-natural,a,arable field,c,a_c,137,1,6,93,2,29,2,0,4,5,13.05.2019,28.05.2019,133,148,1405,15,"11,35","0,756666667",0,1254559375,7611464583,7777,84475,3674400659,554084586,415
6034_2_A,6034_2,Semi-natural,a,arable field,c,a_c,NA,NA,NA,NA,NA,NA,NA,NA,NA,6,28.05.2019,12.06.2019,148,163,1555,15,"19,12","1,27",0,1860720833,7117369792,7777,84475,3674400659,554084586,415
6034_2_A,6034_2,Semi-natural,a,arable field,c,a_c,278,3,10,154,8,71,22,6,3,7,12.06.2019,27.06.2019,163,178,1705,15,"62,8","4,19",0,2242620833,65216625,7777,84475,3674400659,554084586,415
6034_2_A,6034_2,Semi-natural,a,arable field,c,a_c,NA,NA,NA,NA,NA,NA,NA,NA,NA,8,27.06.2019,13.07.2019,178,194,186,16,"82,15","5,13",0,1955431863,5708864706,7777,84475,3674400659,554084586,415
6034_2_A,6034_2,Semi-natural,a,arable field,c,a_c,223,5,13,122,12,30,26,10,4,9,13.07.2019,29.07.2019,194,210,202,16,"73,26","4,58",0,2190175735,6249900245,7777,84475,3674400659,554084586,415
6034_2_A,6034_2,Semi-natural,a,arable field,c,a_c,NA,NA,NA,NA,NA,NA,NA,NA,NA,10,29.07.2019,13.08.2019,210,225,2175,15,"60,76","4,05",0,19398,7412323958,7777,84475,3674400659,554084586,415
6034_2_F,6034_2,Semi-natural,a,forest,a,a_a,NA,NA,NA,NA,NA,NA,NA,NA,NA,3,11.04.2019,26.04.2019,101,116,1085,15,"13,16","0,88",0,1170505469,5241460677,7312,8681388889,3678077051,5542484775,411
6034_2_F,6034_2,Semi-natural,a,forest,a,a_a,NA,NA,NA,NA,NA,NA,NA,NA,NA,4,26.04.2019,13.05.2019,116,133,1245,17,"17,75","1,04",0,8606664352,7936963426,7312,8681388889,3678077051,5542484775,411
6034_2_F,6034_2,Semi-natural,a,forest,a,a_a,330,13,29,168,11,93,17,3,5,5,13.05.2019,28.05.2019,133,148,1405,15,"47,87","3,191333333",0,1262309635,7650028125,7312,8681388889,3678077051,5542484775,411
6034_2_F,6034_2,Semi-natural,a,forest,a,a_a,NA,NA,NA,NA,NA,NA,NA,NA,NA,6,28.05.2019,12.06.2019,148,163,1555,15,"45,58","3,04",0,1832774219,6877828385,7312,8681388889,3678077051,5542484775,411
6034_2_F,6034_2,Semi-natural,a,forest,a,a_a,386,14,22,183,6,111,47,1,9,7,12.06.2019,27.06.2019,163,178,1705,15,"59,9","3,99",0,2194595313,641459401,7312,8681388889,3678077051,5542484775,411
6034_2_F,6034_2,Semi-natural,a,forest,a,a_a,NA,NA,NA,NA,NA,NA,NA,NA,NA,8,27.06.2019,13.07.2019,178,194,186,16,"53,4","3,34",0,1964287255,5538625,7312,8681388889,3678077051,5542484775,411
6034_2_F,6034_2,Semi-natural,a,forest,a,a_a,391,7,17,212,6,104,31,5,7,9,13.07.2019,29.07.2019,194,210,202,16,"33,65","2,1",0,215183652,6590269853,7312,8681388889,3678077051,5542484775,411
6034_2_F,6034_2,Semi-natural,a,forest,a,a_a,NA,NA,NA,NA,NA,NA,NA,NA,NA,10,29.07.2019,13.08.2019,210,225,2175,15,"35,46","2,36",0,1915472135,7735883854,7312,8681388889,3678077051,5542484775,411
6034_2_G,6034_2,Semi-natural,a,meadow,b,a_b,NA,NA,NA,NA,NA,NA,NA,NA,NA,3,11.04.2019,26.04.2019,101,116,1085,15,"3,77","0,25",0,1067020313,5520321354,8047333333,8357222222,3674918242,5539625061,437
6034_2_G,6034_2,Semi-natural,a,meadow,b,a_b,NA,NA,NA,NA,NA,NA,NA,NA,NA,4,26.04.2019,13.05.2019,116,133,1245,17,"2,11","0,12",0,8529263889,768207963,8047333333,8357222222,3674918242,5539625061,437
6034_2_G,6034_2,Semi-natural,a,meadow,b,a_b,249,4,13,169,3,42,17,0,3,5,13.05.2019,28.05.2019,133,148,1405,15,"10,3","0,686666667",0,1263554948,748528151,8047333333,8357222222,3674918242,5539625061,437
6034_2_G,6034_2,Semi-natural,a,meadow,b,a_b,NA,NA,NA,NA,NA,NA,NA,NA,NA,6,28.05.2019,12.06.2019,148,163,1555,15,"27,93","1,86",0,1817498958,7079890625,8047333333,8357222222,3674918242,5539625061,437
6034_2_G,6034_2,Semi-natural,a,meadow,b,a_b,257,6,9,143,8,48,29,11,4,7,12.06.2019,27.06.2019,163,178,1705,15,"80,9","5,39",0,2183452344,6598934635,8047333333,8357222222,3674918242,5539625061,437
6034_2_G,6034_2,Semi-natural,a,meadow,b,a_b,NA,NA,NA,NA,NA,NA,NA,NA,NA,8,27.06.2019,13.07.2019,178,194,186,16,"72,85","4,55",0,1946192402,5677534069,8047333333,8357222222,3674918242,5539625061,437
6034_2_G,6034_2,Semi-natural,a,meadow,b,a_b,250,10,18,118,13,48,27,14,4,9,13.07.2019,29.07.2019,194,210,202,16,"67,88","4,24",0,2176549755,638106348,8047333333,8357222222,3674918242,5539625061,437
6034_2_G,6034_2,Semi-natural,a,meadow,b,a_b,NA,NA,NA,NA,NA,NA,NA,NA,NA,10,29.07.2019,13.08.2019,210,225,2175,15,"38,35","2,56",0,1944491406,7484201042,8047333333,8357222222,3674918242,5539625061,437
6035_2_A,6035_2,Urban,c,arable field,c,c_c,NA,NA,NA,NA,NA,NA,NA,NA,NA,3,03.04.2019,26.04.2019,93,116,1045,23,"11,89","0,52",0,1325480797,5094115761,7629666667,8883611111,3686722797,5542412375,348
6035_2_A,6035_2,Urban,c,arable field,c,c_c,NA,NA,NA,NA,NA,NA,NA,NA,NA,4,25.04.2019,10.05.2019,NA,NA,NA,NA,NA,NA,1,8915294271,7868810417,7629666667,8883611111,3686722797,5542412375,348
6035_2_A,6035_2,Urban,c,arable field,c,c_c,296,1,16,203,6,47,12,1,5,5,10.05.2019,25.05.2019,130,145,1375,15,"39,53","2,635333333",0,1208001823,7698982813,7629666667,8883611111,3686722797,5542412375,348
6035_2_A,6035_2,Urban,c,arable field,c,c_c,NA,NA,NA,NA,NA,NA,NA,NA,NA,6,25.05.2019,09.06.2019,145,160,1525,15,"45,76","3,05",0,17898125,7016021615,7629666667,8883611111,3686722797,5542412375,348
6035_2_A,6035_2,Urban,c,arable field,c,c_c,260,5,9,159,5,50,22,8,5,7,09.06.2019,26.06.2019,160,177,1685,17,"96,2","5,66",0,2155464352,6988987037,7629666667,8883611111,3686722797,5542412375,348
6035_2_A,6035_2,Urban,c,arable field,c,c_c,NA,NA,NA,NA,NA,NA,NA,NA,NA,8,26.06.2019,11.07.2019,177,192,1845,15,"76,35","5,09",0,2072556771,5643301563,7629666667,8883611111,3686722797,5542412375,348
6035_2_A,6035_2,Urban,c,arable field,c,c_c,361,10,17,211,18,60,32,10,4,9,11.07.2019,26.07.2019,192,207,1995,15,"71,11","4,74",0,217211849,6632384896,7629666667,8883611111,3686722797,5542412375,348
6035_2_A,6035_2,Urban,c,arable field,c,c_c,NA,NA,NA,NA,NA,NA,NA,NA,NA,10,26.07.2019,09.08.2019,207,221,214,14,"39,21","2,8",0,2105860556,7232661389,7629666667,8883611111,3686722797,5542412375,348
6035_2_G,6035_2,Urban,c,meadow,b,c_b,NA,NA,NA,NA,NA,NA,NA,NA,NA,3,03.04.2019,26.04.2019,93,116,1045,23,"16,1","0,7",0,1353311232,4932755616,8056333333,8686666667,3689579667,5541225013,434
6035_2_G,6035_2,Urban,c,meadow,b,c_b,NA,NA,NA,NA,NA,NA,NA,NA,NA,4,25.04.2019,10.05.2019,NA,NA,NA,NA,NA,NA,1,8911421875,7749654427,8056333333,8686666667,3689579667,5541225013,434
6035_2_G,6035_2,Urban,c,meadow,b,c_b,330,3,16,191,13,72,22,1,14,5,10.05.2019,25.05.2019,130,145,1375,15,"13,59","0,906",0,1178669792,7764822656,8056333333,8686666667,3689579667,5541225013,434
6035_2_G,6035_2,Urban,c,meadow,b,c_b,NA,NA,NA,NA,NA,NA,NA,NA,NA,6,25.05.2019,09.06.2019,145,160,1525,15,"21,57","1,44",0,1791227604,6917410677,8056333333,8686666667,3689579667,5541225013,434
6035_2_G,6035_2,Urban,c,meadow,b,c_b,238,8,7,106,14,51,44,5,6,7,09.06.2019,26.06.2019,160,177,1685,17,"55,1","3,24",0,210987338,7019059954,8056333333,8686666667,3689579667,5541225013,434
6035_2_G,6035_2,Urban,c,meadow,b,c_b,NA,NA,NA,NA,NA,NA,NA,NA,NA,8,26.06.2019,11.07.2019,177,192,1845,15,"29,61","1,97",0,2019882813,5447301563,8056333333,8686666667,3689579667,5541225013,434
6035_2_G,6035_2,Urban,c,meadow,b,c_b,362,9,13,192,20,71,46,6,5,9,11.07.2019,26.07.2019,192,207,1995,15,"22,03","1,47",0,2069059115,6782826042,8056333333,8686666667,3689579667,5541225013,434
6035_2_G,6035_2,Urban,c,meadow,b,c_b,NA,NA,NA,NA,NA,NA,NA,NA,NA,10,26.07.2019,09.08.2019,207,221,214,14,"20,08","1,43",0,2055239722,7172762222,8056333333,8686666667,3689579667,5541225013,434
6035_2_U,6035_2,Urban,c,settlement,d,c_d,NA,NA,NA,NA,NA,NA,NA,NA,NA,3,NA,NA,NA,NA,NA,NA,NA,NA,1,NA,NA,7736333333,8778333333,3687949175,5539126012,358
6035_2_U,6035_2,Urban,c,settlement,d,c_d,NA,NA,NA,NA,NA,NA,NA,NA,NA,4,25.04.2019,10.05.2019,115,130,1225,15,"11,75","0,78",0,1030996354,7287292708,7736333333,8778333333,3687949175,5539126012,358
6035_2_U,6035_2,Urban,c,settlement,d,c_d,428,6,11,282,17,97,12,0,5,5,10.05.2019,25.05.2019,130,145,1375,15,"23,07","1,538",0,131978125,7315128646,7736333333,8778333333,3687949175,5539126012,358
6035_2_U,6035_2,Urban,c,settlement,d,c_d,NA,NA,NA,NA,NA,NA,NA,NA,NA,6,25.05.2019,09.06.2019,145,160,1525,15,"53,73","3,58",0,1977564323,649894349,7736333333,8778333333,3687949175,5539126012,358
6035_2_U,6035_2,Urban,c,settlement,d,c_d,446,11,10,252,18,109,47,1,4,7,09.06.2019,26.06.2019,160,177,1685,17,"95,6","5,62",0,2305683565,6572353704,7736333333,8778333333,3687949175,5539126012,358
6035_2_U,6035_2,Urban,c,settlement,d,c_d,NA,NA,NA,NA,NA,NA,NA,NA,NA,8,26.06.2019,11.07.2019,177,192,1845,15,"60,92","4,06",0,2169220313,5398191146,7736333333,8778333333,3687949175,5539126012,358
6035_2_U,6035_2,Urban,c,settlement,d,c_d,536,12,31,298,33,113,37,6,7,9,11.07.2019,26.07.2019,192,207,1995,15,"46,2","3,08",0,2199566146,6554378385,7736333333,8778333333,3687949175,5539126012,358
6035_2_U,6035_2,Urban,c,settlement,d,c_d,NA,NA,NA,NA,NA,NA,NA,NA,NA,10,26.07.2019,09.08.2019,207,221,214,14,"39,41","2,82",0,2126981389,7119309167,7736333333,8778333333,3687949175,5539126012,358
6035_3_A,6035_3,Urban,c,arable field,c,c_c,NA,NA,NA,NA,NA,NA,NA,NA,NA,3,09.04.2019,25.04.2019,99,115,107,16,"14,75","0,92",0,1036561765,5850277941,7964666667,8546944444,3683607666,5532699691,423
6035_3_A,6035_3,Urban,c,arable field,c,c_c,NA,NA,NA,NA,NA,NA,NA,NA,NA,4,25.04.2019,10.05.2019,115,130,1225,15,"2,22","0,15",0,8957421875,7863217708,7964666667,8546944444,3683607666,5532699691,423
6035_3_A,6035_3,Urban,c,arable field,c,c_c,189,1,8,129,10,29,7,0,4,5,10.05.2019,25.05.2019,130,145,1375,15,"4,93","0,328666667",0,1161142448,7883148698,7964666667,8546944444,3683607666,5532699691,423
6035_3_A,6035_3,Urban,c,arable field,c,c_c,NA,NA,NA,NA,NA,NA,NA,NA,NA,6,25.05.2019,09.06.2019,145,160,1525,15,"6,79","0,45",0,1783636979,7097696094,7964666667,8546944444,3683607666,5532699691,423
6035_3_A,6035_3,Urban,c,arable field,c,c_c,245,2,8,158,11,43,19,0,3,7,09.06.2019,26.06.2019,160,177,1685,17,"27,4","1,61",0,2105733333,7167048843,7964666667,8546944444,3683607666,5532699691,423
6035_3_A,6035_3,Urban,c,arable field,c,c_c,NA,NA,NA,NA,NA,NA,NA,NA,NA,8,26.06.2019,10.07.2019,177,191,184,14,"43,49","3,11",0,2096262222,5494472778,7964666667,8546944444,3683607666,5532699691,423
6035_3_A,6035_3,Urban,c,arable field,c,c_c,128,2,12,70,7,17,8,6,4,9,10.07.2019,25.07.2019,191,206,1985,15,"7,1","0,47",0,2065252344,6719042708,7964666667,8546944444,3683607666,5532699691,423
6035_3_A,6035_3,Urban,c,arable field,c,c_c,NA,NA,NA,NA,NA,NA,NA,NA,NA,10,25.07.2019,09.08.2019,206,221,2135,15,"7,11","0,47",0,2121482292,7171811719,7964666667,8546944444,3683607666,5532699691,423
6035_3_F,6035_3,Urban,c,forest,a,c_a,NA,NA,NA,NA,NA,NA,NA,NA,NA,3,NA,NA,NA,NA,NA,NA,NA,NA,1,NA,NA,7371333333,8846944444,3680764735,5535169764,429
6035_3_F,6035_3,Urban,c,forest,a,c_a,NA,NA,NA,NA,NA,NA,NA,NA,NA,4,25.04.2019,10.05.2019,115,130,1225,15,"17,81","1,19",0,961028125,77331,7371333333,8846944444,3680764735,5535169764,429
6035_3_F,6035_3,Urban,c,forest,a,c_a,352,6,20,214,12,88,9,2,5,5,10.05.2019,25.05.2019,130,145,1375,15,"22,33","1,488666667",0,1171024479,7797923438,7371333333,8846944444,3680764735,5535169764,429
6035_3_F,6035_3,Urban,c,forest,a,c_a,NA,NA,NA,NA,NA,NA,NA,NA,NA,6,25.05.2019,09.06.2019,145,160,1525,15,"28,1","1,87",0,178519349,6842374479,7371333333,8846944444,3680764735,5535169764,429
6035_3_F,6035_3,Urban,c,forest,a,c_a,478,18,24,243,22,91,81,2,8,7,09.06.2019,26.06.2019,160,177,1685,17,73,"4,29",0,2121296296,6922816667,7371333333,8846944444,3680764735,5535169764,429
6035_3_F,6035_3,Urban,c,forest,a,c_a,NA,NA,NA,NA,NA,NA,NA,NA,NA,8,26.06.2019,10.07.2019,177,191,184,14,"85,13","6,08",0,2051350278,5370793056,7371333333,8846944444,3680764735,5535169764,429
6035_3_F,6035_3,Urban,c,forest,a,c_a,435,8,17,238,10,103,41,12,5,9,10.07.2019,25.07.2019,191,206,1985,15,"62,45","4,16",0,1984985677,6961759896,7371333333,8846944444,3680764735,5535169764,429
6035_3_F,6035_3,Urban,c,forest,a,c_a,NA,NA,NA,NA,NA,NA,NA,NA,NA,10,25.07.2019,09.08.2019,206,221,2135,15,"25,89","1,73",0,2060630729,7465960417,7371333333,8846944444,3680764735,5535169764,429
6035_3_U,6035_3,Urban,c,settlement,d,c_d,NA,NA,NA,NA,NA,NA,NA,NA,NA,3,15.04.2019,26.04.2019,105,116,1105,11,"20,72","1,88",0,1421928472,5584319792,7316333333,8929722222,3684824757,5536413479,343
6035_3_U,6035_3,Urban,c,settlement,d,c_d,NA,NA,NA,NA,NA,NA,NA,NA,NA,4,26.04.2019,10.05.2019,116,130,123,14,"5,66","0,4",0,9093997222,7938909444,7316333333,8929722222,3684824757,5536413479,343
6035_3_U,6035_3,Urban,c,settlement,d,c_d,406,4,13,253,16,96,14,0,11,5,10.05.2019,25.05.2019,130,145,1375,15,"17,69","1,179333333",0,1250358854,768378151,7316333333,8929722222,3684824757,5536413479,343
6035_3_U,6035_3,Urban,c,settlement,d,c_d,NA,NA,NA,NA,NA,NA,NA,NA,NA,6,25.05.2019,09.06.2019,145,160,1525,15,"22,67","1,51",0,1820526563,7225582031,7316333333,8929722222,3684824757,5536413479,343
6035_3_U,6035_3,Urban,c,settlement,d,c_d,377,4,14,227,11,80,32,0,5,7,09.06.2019,26.06.2019,160,177,1685,17,"66,3","3,9",0,2151496065,736771713,7316333333,8929722222,3684824757,5536413479,343
6035_3_U,6035_3,Urban,c,settlement,d,c_d,NA,NA,NA,NA,NA,NA,NA,NA,NA,8,26.06.2019,10.07.2019,177,191,184,14,"49,55","3,54",0,2117688889,5698699167,7316333333,8929722222,3684824757,5536413479,343
6035_3_U,6035_3,Urban,c,settlement,d,c_d,373,6,13,221,16,84,20,1,9,9,10.07.2019,25.07.2019,191,206,1985,15,"30,94","2,06",0,2061736979,7204020313,7316333333,8929722222,3684824757,5536413479,343
6035_3_U,6035_3,Urban,c,settlement,d,c_d,NA,NA,NA,NA,NA,NA,NA,NA,NA,10,25.07.2019,09.08.2019,206,221,2135,15,"17,44","1,16",0,2109817708,770730599,7316333333,8929722222,3684824757,5536413479,343
6122_4_A,6122_4,Semi-natural,a,arable field,c,a_c,NA,NA,NA,NA,NA,NA,NA,NA,NA,3,16.04.2019,30.04.2019,106,120,113,14,"15,97","1,14",0,1262673889,6035989167,8506333333,9173333333,3534074749,5521276931,358
6122_4_A,6122_4,Semi-natural,a,arable field,c,a_c,NA,NA,NA,NA,NA,NA,NA,NA,NA,4,30.04.2019,14.05.2019,120,134,127,14,"17,71","1,27",0,9161163889,7305587778,8506333333,9173333333,3534074749,5521276931,358
6122_4_A,6122_4,Semi-natural,a,arable field,c,a_c,198,4,17,137,6,31,5,0,1,5,14.05.2019,28.05.2019,134,148,141,14,"25,45","1,817857143",0,1309328056,76289575,8506333333,9173333333,3534074749,5521276931,358
6122_4_A,6122_4,Semi-natural,a,arable field,c,a_c,NA,NA,NA,NA,NA,NA,NA,NA,NA,6,28.05.2019,12.06.2019,148,163,1555,15,NA,NA,1,1737596615,7538309896,8506333333,9173333333,3534074749,5521276931,358
6122_4_A,6122_4,Semi-natural,a,arable field,c,a_c,275,4,13,179,8,34,30,7,1,7,12.06.2019,27.06.2019,163,178,1705,15,"65,3","4,35",0,2090202083,7224686719,8506333333,9173333333,3534074749,5521276931,358
6122_4_A,6122_4,Semi-natural,a,arable field,c,a_c,NA,NA,NA,NA,NA,NA,NA,NA,NA,8,27.06.2019,13.07.2019,178,194,186,16,"90,71","5,67",0,1938994608,6236119853,8506333333,9173333333,3534074749,5521276931,358
6122_4_A,6122_4,Semi-natural,a,arable field,c,a_c,306,5,18,173,13,58,26,8,3,9,13.07.2019,30.07.2019,194,211,2025,17,"90,02","5,3",0,2181116204,6521725463,8506333333,9173333333,3534074749,5521276931,358
6122_4_A,6122_4,Semi-natural,a,arable field,c,a_c,NA,NA,NA,NA,NA,NA,NA,NA,NA,10,30.07.2019,14.08.2019,211,226,2185,15,"43,05","2,87",0,194878724,7031757031,8506333333,9173333333,3534074749,5521276931,358
6122_4_F,6122_4,Semi-natural,a,forest,a,a_a,NA,NA,NA,NA,NA,NA,NA,NA,NA,3,16.04.2019,30.04.2019,106,120,113,14,"10,85","0,78",0,1453308611,6617869444,7903666667,96025,3532146655,5520331562,314
6122_4_F,6122_4,Semi-natural,a,forest,a,a_a,NA,NA,NA,NA,NA,NA,NA,NA,NA,4,30.04.2019,14.05.2019,120,134,127,14,"9,19","0,66",0,9570280556,7526277778,7903666667,96025,3532146655,5520331562,314
6122_4_F,6122_4,Semi-natural,a,forest,a,a_a,414,14,28,244,12,72,40,2,14,5,14.05.2019,28.05.2019,134,148,141,14,"32,92","2,351428571",0,1311556111,7818748333,7903666667,96025,3532146655,5520331562,314
6122_4_F,6122_4,Semi-natural,a,forest,a,a_a,NA,NA,NA,NA,NA,NA,NA,NA,NA,6,28.05.2019,12.06.2019,148,163,1555,15,"35,47","2,36",0,1687804948,7866775,7903666667,96025,3532146655,5520331562,314
6122_4_F,6122_4,Semi-natural,a,forest,a,a_a,526,22,35,253,24,133,61,7,7,7,12.06.2019,27.06.2019,163,178,1705,15,"73,1","4,87",0,201673151,7691678125,7903666667,96025,3532146655,5520331562,314
6122_4_F,6122_4,Semi-natural,a,forest,a,a_a,NA,NA,NA,NA,NA,NA,NA,NA,NA,8,27.06.2019,13.07.2019,178,194,186,16,"64,9","4,06",0,1913819608,6489681863,7903666667,96025,3532146655,5520331562,314
6122_4_F,6122_4,Semi-natural,a,forest,a,a_a,489,22,26,225,22,126,63,8,7,9,13.07.2019,30.07.2019,194,211,2025,17,"65,11","3,83",0,2112652083,6998575694,7903666667,96025,3532146655,5520331562,314
6122_4_F,6122_4,Semi-natural,a,forest,a,a_a,NA,NA,NA,NA,NA,NA,NA,NA,NA,10,30.07.2019,13.08.2019,211,225,218,14,"29,1","2,08",0,1927120833,7532324444,7903666667,96025,3532146655,5520331562,314
6122_4_G,6122_4,Semi-natural,a,meadow,b,a_b,NA,NA,NA,NA,NA,NA,NA,NA,NA,3,16.04.2019,30.04.2019,106,120,113,14,"27,9","1,99",0,1330071944,58496725,8982666667,8843055556,3532591036,5522671381,422
6122_4_G,6122_4,Semi-natural,a,meadow,b,a_b,NA,NA,NA,NA,NA,NA,NA,NA,NA,4,30.04.2019,14.05.2019,120,134,127,14,"18,49","1,32",0,9850733333,7087148889,8982666667,8843055556,3532591036,5522671381,422
6122_4_G,6122_4,Semi-natural,a,meadow,b,a_b,339,5,10,214,12,70,29,1,1,5,14.05.2019,28.05.2019,134,148,141,14,"44,56","3,182857143",0,1396575,7330251389,8982666667,8843055556,3532591036,5522671381,422
6122_4_G,6122_4,Semi-natural,a,meadow,b,a_b,NA,NA,NA,NA,NA,NA,NA,NA,NA,6,28.05.2019,12.06.2019,148,163,1555,15,"62,61","4,17",0,1810657552,7344180208,8982666667,8843055556,3532591036,5522671381,422
6122_4_G,6122_4,Semi-natural,a,meadow,b,a_b,355,15,18,205,10,64,40,9,2,7,12.06.2019,27.06.2019,163,178,1705,15,"131,7","8,78",0,214779375,7069207292,8982666667,8843055556,3532591036,5522671381,422
6122_4_G,6122_4,Semi-natural,a,meadow,b,a_b,NA,NA,NA,NA,NA,NA,NA,NA,NA,8,27.06.2019,13.07.2019,178,194,186,16,"128,56","8,04",0,2000502206,6051247794,8982666667,8843055556,3532591036,5522671381,422
6122_4_G,6122_4,Semi-natural,a,meadow,b,a_b,391,13,29,204,30,50,51,14,6,9,13.07.2019,30.07.2019,194,211,2025,17,"72,83","4,28",0,2230384491,649714838,8982666667,8843055556,3532591036,5522671381,422
6122_4_G,6122_4,Semi-natural,a,meadow,b,a_b,NA,NA,NA,NA,NA,NA,NA,NA,NA,10,30.07.2019,14.08.2019,211,226,2185,15,"45,15","3,01",0,1974364583,7055006771,8982666667,8843055556,3532591036,5522671381,422
6123_1_A,6123_1,Semi-natural,a,arable field,c,a_c,NA,NA,NA,NA,NA,NA,NA,NA,NA,3,16.04.2019,30.04.2019,106,120,113,14,"16,5","1,18",0,1485453333,7100052778,8136333333,9407777778,3538760491,5525793935,313
6123_1_A,6123_1,Semi-natural,a,arable field,c,a_c,NA,NA,NA,NA,NA,NA,NA,NA,NA,4,30.04.2019,14.05.2019,120,134,127,14,"16,94","1,21",0,9824836111,7417559444,8136333333,9407777778,3538760491,5525793935,313
6123_1_A,6123_1,Semi-natural,a,arable field,c,a_c,339,8,16,219,6,74,19,0,3,5,14.05.2019,28.05.2019,134,148,141,14,"33,66","2,404285714",0,1326605278,774559,8136333333,9407777778,3538760491,5525793935,313
6123_1_A,6123_1,Semi-natural,a,arable field,c,a_c,NA,NA,NA,NA,NA,NA,NA,NA,NA,6,28.05.2019,12.06.2019,148,163,1555,15,"51,52","3,43",0,1712467969,7843780208,8136333333,9407777778,3538760491,5525793935,313
6123_1_A,6123_1,Semi-natural,a,arable field,c,a_c,260,6,13,154,5,39,35,6,4,7,12.06.2019,27.06.2019,163,178,1705,15,"116,7","7,78",0,2082053385,7485707813,8136333333,9407777778,3538760491,5525793935,313
6123_1_A,6123_1,Semi-natural,a,arable field,c,a_c,NA,NA,NA,NA,NA,NA,NA,NA,NA,8,27.06.2019,13.07.2019,178,194,186,16,"124,19","7,76",0,1943645343,6406900735,8136333333,9407777778,3538760491,5525793935,313
6123_1_A,6123_1,Semi-natural,a,arable field,c,a_c,362,10,20,198,10,67,48,10,3,9,13.07.2019,30.07.2019,194,211,2025,17,"87,98","5,18",0,2199375463,6567814583,8136333333,9407777778,3538760491,5525793935,313
6123_1_A,6123_1,Semi-natural,a,arable field,c,a_c,NA,NA,NA,NA,NA,NA,NA,NA,NA,10,30.07.2019,14.08.2019,211,226,2185,15,"53,98","3,6",0,1950821094,7124270052,8136333333,9407777778,3538760491,5525793935,313
6123_1_F,6123_1,Semi-natural,a,forest,a,a_a,NA,NA,NA,NA,NA,NA,NA,NA,NA,3,16.04.2019,30.04.2019,106,120,113,14,"15,91","1,14",0,1199191389,6474954167,8136333333,9407777778,3538648373,5526490442,262
6123_1_F,6123_1,Semi-natural,a,forest,a,a_a,NA,NA,NA,NA,NA,NA,NA,NA,NA,4,30.04.2019,14.05.2019,120,134,127,14,"9,15","0,65",0,8868691667,7716087222,8136333333,9407777778,3538648373,5526490442,262
6123_1_F,6123_1,Semi-natural,a,forest,a,a_a,439,11,50,240,13,84,22,2,22,5,14.05.2019,28.05.2019,134,148,141,14,"27,91","1,993571429",0,1245297222,8192796111,8136333333,9407777778,3538648373,5526490442,262
6123_1_F,6123_1,Semi-natural,a,forest,a,a_a,NA,NA,NA,NA,NA,NA,NA,NA,NA,6,28.05.2019,12.06.2019,148,163,1555,15,"35,39","2,36",0,1583246875,8517317448,8136333333,9407777778,3538648373,5526490442,262
6123_1_F,6123_1,Semi-natural,a,forest,a,a_a,493,9,34,241,22,116,49,5,18,7,12.06.2019,27.06.2019,163,178,1705,15,51,"3,4",0,187854349,8450790885,8136333333,9407777778,3538648373,5526490442,262
6123_1_F,6123_1,Semi-natural,a,forest,a,a_a,NA,NA,NA,NA,NA,NA,NA,NA,NA,8,27.06.2019,13.07.2019,178,194,186,16,"61,61","3,85",0,1771655637,7107088235,8136333333,9407777778,3538648373,5526490442,262
6123_1_F,6123_1,Semi-natural,a,forest,a,a_a,501,15,41,264,23,86,52,5,17,9,13.07.2019,30.07.2019,194,211,2025,17,"46,05","2,71",0,1975127546,7682299306,8136333333,9407777778,3538648373,5526490442,262
6123_1_F,6123_1,Semi-natural,a,forest,a,a_a,NA,NA,NA,NA,NA,NA,NA,NA,NA,10,30.07.2019,14.08.2019,211,226,2185,15,"34,71","2,31",0,1801558073,8136971875,8136333333,9407777778,3538648373,5526490442,262
6123_1_G,6123_1,Semi-natural,a,meadow,b,a_b,NA,NA,NA,NA,NA,NA,NA,NA,NA,3,16.04.2019,30.04.2019,106,120,113,14,"25,69","1,84",0,1323793889,6180095556,8681333333,9095555556,3537174685,5525846508,342
6123_1_G,6123_1,Semi-natural,a,meadow,b,a_b,NA,NA,NA,NA,NA,NA,NA,NA,NA,4,30.04.2019,14.05.2019,120,134,127,14,"15,03","1,07",0,1001585278,7480709444,8681333333,9095555556,3537174685,5525846508,342
6123_1_G,6123_1,Semi-natural,a,meadow,b,a_b,372,11,21,245,18,56,23,1,4,5,14.05.2019,28.05.2019,134,148,141,14,"29,77","2,126428571",0,1380956944,7738779444,8681333333,9095555556,3537174685,5525846508,342
6123_1_G,6123_1,Semi-natural,a,meadow,b,a_b,NA,NA,NA,NA,NA,NA,NA,NA,NA,6,28.05.2019,12.06.2019,148,163,1555,15,NA,NA,1,1782916667,7766370833,8681333333,9095555556,3537174685,5525846508,342
6123_1_G,6123_1,Semi-natural,a,meadow,b,a_b,361,15,13,208,6,69,51,5,5,7,12.06.2019,27.06.2019,163,178,1705,15,"81,9","5,46",0,2162932552,7400769271,8681333333,9095555556,3537174685,5525846508,342
6123_1_G,6123_1,Semi-natural,a,meadow,b,a_b,NA,NA,NA,NA,NA,NA,NA,NA,NA,8,27.06.2019,13.07.2019,178,194,186,16,"90,08","5,63",0,2024302451,6559101716,8681333333,9095555556,3537174685,5525846508,342
6123_1_G,6123_1,Semi-natural,a,meadow,b,a_b,469,21,30,238,19,99,53,13,8,9,13.07.2019,30.07.2019,194,211,2025,17,"79,45","4,67",0,2232165509,6704718981,8681333333,9095555556,3537174685,5525846508,342
6123_1_G,6123_1,Semi-natural,a,meadow,b,a_b,NA,NA,NA,NA,NA,NA,NA,NA,NA,10,30.07.2019,14.08.2019,211,226,2185,15,"48,27","3,22",0,1991222917,7161567448,8681333333,9095555556,3537174685,5525846508,342
6125_2_A,6125_2,Semi-natural,a,arable field,c,a_c,NA,NA,NA,NA,NA,NA,NA,NA,NA,3,16.04.2019,29.04.2019,106,119,1125,13,"13,32","1,02",0,1405793452,5461700595,7058666667,9294722222,3569308856,5526850483,317
6125_2_A,6125_2,Semi-natural,a,arable field,c,a_c,NA,NA,NA,NA,NA,NA,NA,NA,NA,4,29.04.2019,13.05.2019,119,133,126,14,"2,95","0,21",0,9762858333,7510831389,7058666667,9294722222,3569308856,5526850483,317
6125_2_A,6125_2,Semi-natural,a,arable field,c,a_c,309,9,17,197,11,58,18,0,6,5,13.05.2019,27.05.2019,133,147,140,14,"20,79","1,485",0,1390843333,7253357222,7058666667,9294722222,3569308856,5526850483,317
6125_2_A,6125_2,Semi-natural,a,arable field,c,a_c,NA,NA,NA,NA,NA,NA,NA,NA,NA,6,27.05.2019,11.06.2019,147,162,1545,15,"19,62","1,31",0,1833428125,7366690625,7058666667,9294722222,3569308856,5526850483,317
6125_2_A,6125_2,Semi-natural,a,arable field,c,a_c,315,12,11,184,8,66,38,3,2,7,11.06.2019,26.06.2019,162,177,1695,15,"68,9","4,59",0,2165919792,7383367969,7058666667,9294722222,3569308856,5526850483,317
6125_2_A,6125_2,Semi-natural,a,arable field,c,a_c,NA,NA,NA,NA,NA,NA,NA,NA,NA,8,26.06.2019,12.07.2019,177,193,185,16,"68,32","4,27",0,2101607108,6150310294,7058666667,9294722222,3569308856,5526850483,317
6125_2_A,6125_2,Semi-natural,a,arable field,c,a_c,361,13,25,197,20,62,36,8,6,9,12.07.2019,29.07.2019,193,210,2015,17,"57,64","3,39",0,2250210185,6565872222,7058666667,9294722222,3569308856,5526850483,317
6125_2_A,6125_2,Semi-natural,a,arable field,c,a_c,NA,NA,NA,NA,NA,NA,NA,NA,NA,10,29.07.2019,12.08.2019,210,224,217,14,"32,42","2,32",0,2042406667,7399166389,7058666667,9294722222,3569308856,5526850483,317
6125_2_F,6125_2,Semi-natural,a,forest,a,a_a,NA,NA,NA,NA,NA,NA,NA,NA,NA,3,16.04.2019,29.04.2019,106,119,1125,13,"35,36","2,72",0,122986756,630398125,6904,945,3567101565,5526715878,272
6125_2_F,6125_2,Semi-natural,a,forest,a,a_a,NA,NA,NA,NA,NA,NA,NA,NA,NA,4,29.04.2019,13.05.2019,119,133,126,14,"16,55","1,18",0,9040480556,7821660833,6904,945,3567101565,5526715878,272
6125_2_F,6125_2,Semi-natural,a,forest,a,a_a,391,4,29,206,15,108,19,0,11,5,13.05.2019,27.05.2019,133,147,140,14,"31,16","2,225714286",0,1261654722,7801276667,6904,945,3567101565,5526715878,272
6125_2_F,6125_2,Semi-natural,a,forest,a,a_a,NA,NA,NA,NA,NA,NA,NA,NA,NA,6,27.05.2019,11.06.2019,147,162,1545,15,"43,2","2,88",0,162953099,8073852083,6904,945,3567101565,5526715878,272
6125_2_F,6125_2,Semi-natural,a,forest,a,a_a,436,10,12,248,15,108,34,7,6,7,11.06.2019,26.06.2019,162,177,1695,15,93,"6,2",0,1896691667,8379094531,6904,945,3567101565,5526715878,272
6125_2_F,6125_2,Semi-natural,a,forest,a,a_a,NA,NA,NA,NA,NA,NA,NA,NA,NA,8,26.06.2019,12.07.2019,177,193,185,16,"183,84","11,49",0,1876736275,6992406618,6904,945,3567101565,5526715878,272
6125_2_F,6125_2,Semi-natural,a,forest,a,a_a,380,11,11,239,11,45,44,13,8,9,12.07.2019,29.07.2019,193,210,2015,17,"194,68","11,45",0,2043830787,7410848611,6904,945,3567101565,5526715878,272
6125_2_F,6125_2,Semi-natural,a,forest,a,a_a,NA,NA,NA,NA,NA,NA,NA,NA,NA,10,29.07.2019,12.08.2019,210,224,217,14,"78,92","5,64",0,1908393611,7940938333,6904,945,3567101565,5526715878,272
6125_2_U,6125_2,Semi-natural,a,settlement,d,a_d,NA,NA,NA,NA,NA,NA,NA,NA,NA,3,16.04.2019,29.04.2019,106,119,1125,13,"29,39","2,26",0,1438509226,5369188988,6252666667,992,3568631099,552519187,279
6125_2_U,6125_2,Semi-natural,a,settlement,d,a_d,NA,NA,NA,NA,NA,NA,NA,NA,NA,4,29.04.2019,13.05.2019,119,133,126,14,"13,85","0,99",0,1003366111,7316811667,6252666667,992,3568631099,552519187,279
6125_2_U,6125_2,Semi-natural,a,settlement,d,a_d,525,25,29,261,22,163,35,0,10,5,13.05.2019,27.05.2019,133,147,140,14,"35,21","2,515",0,1422951944,7082638056,6252666667,992,3568631099,552519187,279
6125_2_U,6125_2,Semi-natural,a,settlement,d,a_d,NA,NA,NA,NA,NA,NA,NA,NA,NA,6,27.05.2019,11.06.2019,147,162,1545,15,"47,88","3,19",0,1855703385,725061875,6252666667,992,3568631099,552519187,279
6125_2_U,6125_2,Semi-natural,a,settlement,d,a_d,533,27,12,267,13,143,82,3,6,7,11.06.2019,26.06.2019,162,177,1695,15,118,"7,87",0,21753,7278254688,6252666667,992,3568631099,552519187,279
6125_2_U,6125_2,Semi-natural,a,settlement,d,a_d,NA,NA,NA,NA,NA,NA,NA,NA,NA,8,26.06.2019,12.07.2019,177,193,185,16,"136,44","8,53",0,2129633333,5950039951,6252666667,992,3568631099,552519187,279
6125_2_U,6125_2,Semi-natural,a,settlement,d,a_d,556,32,25,274,27,113,79,15,6,9,12.07.2019,29.07.2019,193,210,2015,17,"100,1","5,89",0,2246683565,6558313889,6252666667,992,3568631099,552519187,279
6125_2_U,6125_2,Semi-natural,a,settlement,d,a_d,NA,NA,NA,NA,NA,NA,NA,NA,NA,10,29.07.2019,12.08.2019,210,224,217,14,"66,74","4,77",0,2086602222,7154659444,6252666667,992,3568631099,552519187,279
6131_1_A,6131_1,Urban,c,arable field,c,c_c,NA,NA,NA,NA,NA,NA,NA,NA,NA,3,18.04.2019,01.05.2019,108,121,1145,13,"53,5","4,12",0,1402570238,6040590179,6787,9416666667,3634464272,5527936122,293
6131_1_A,6131_1,Urban,c,arable field,c,c_c,NA,NA,NA,NA,NA,NA,NA,NA,NA,4,01.05.2019,15.05.2019,121,135,128,14,"17,83","1,27",0,9347,7607474167,6787,9416666667,3634464272,5527936122,293
6131_1_A,6131_1,Urban,c,arable field,c,c_c,331,4,17,205,7,82,16,0,2,5,15.05.2019,30.05.2019,135,150,1425,15,"44,84","2,989333333",0,1415427083,7902625521,6787,9416666667,3634464272,5527936122,293
6131_1_A,6131_1,Urban,c,arable field,c,c_c,NA,NA,NA,NA,NA,NA,NA,NA,NA,6,30.05.2019,13.06.2019,150,164,157,14,"59,9","4,278571429",0,1968803056,7355385556,6787,9416666667,3634464272,5527936122,293
6131_1_A,6131_1,Urban,c,arable field,c,c_c,370,2,20,221,21,63,33,4,2,7,13.06.2019,26.06.2019,164,177,1705,13,"122,5","9,42",0,2283361012,6978503869,6787,9416666667,3634464272,5527936122,293
6131_1_A,6131_1,Urban,c,arable field,c,c_c,NA,NA,NA,NA,NA,NA,NA,NA,NA,8,26.06.2019,13.07.2019,177,194,1855,17,"125,62","7,39",0,2071926389,6002126389,6787,9416666667,3634464272,5527936122,293
6131_1_A,6131_1,Urban,c,arable field,c,c_c,420,17,28,200,27,86,49,17,4,9,13.07.2019,30.07.2019,194,211,2025,17,"100,14","5,89",0,2274578009,6564680093,6787,9416666667,3634464272,5527936122,293
6131_1_A,6131_1,Urban,c,arable field,c,c_c,NA,NA,NA,NA,NA,NA,NA,NA,NA,10,30.07.2019,13.08.2019,211,225,218,14,"67,6","4,83",0,2040080278,7418858889,6787,9416666667,3634464272,5527936122,293
6131_1_F,6131_1,Urban,c,forest,a,c_a,NA,NA,NA,NA,NA,NA,NA,NA,NA,3,18.04.2019,01.05.2019,108,121,1145,13,"42,95","3,3",0,1323692857,6102220238,6838333333,94325,363662133,5526144133,282
6131_1_F,6131_1,Urban,c,forest,a,c_a,NA,NA,NA,NA,NA,NA,NA,NA,NA,4,01.05.2019,15.05.2019,121,135,128,14,"12,31","0,88",0,8951944444,7689197222,6838333333,94325,363662133,5526144133,282
6131_1_F,6131_1,Urban,c,forest,a,c_a,421,4,28,240,14,112,13,0,11,5,15.05.2019,30.05.2019,135,150,1425,15,"23,17","1,544666667",0,13281375,8130860417,6838333333,94325,363662133,5526144133,282
6131_1_F,6131_1,Urban,c,forest,a,c_a,NA,NA,NA,NA,NA,NA,NA,NA,NA,6,30.05.2019,13.06.2019,150,164,157,14,"45,8","3,271428571",0,182895,7718925556,6838333333,94325,363662133,5526144133,282
6131_1_F,6131_1,Urban,c,forest,a,c_a,664,13,27,413,29,129,40,2,16,7,13.06.2019,26.06.2019,164,177,1705,13,"72,2","5,55",0,2103260714,7522488988,6838333333,94325,363662133,5526144133,282
6131_1_F,6131_1,Urban,c,forest,a,c_a,NA,NA,NA,NA,NA,NA,NA,NA,NA,8,26.06.2019,13.07.2019,177,194,1855,17,"255,45","15,03",0,1969655324,6394849537,6838333333,94325,363662133,5526144133,282
6131_1_F,6131_1,Urban,c,forest,a,c_a,375,6,8,241,7,62,42,4,8,9,13.07.2019,30.07.2019,194,211,2025,17,"227,71","13,39",0,2122468519,7338867361,6838333333,94325,363662133,5526144133,282
6131_1_F,6131_1,Urban,c,forest,a,c_a,NA,NA,NA,NA,NA,NA,NA,NA,NA,10,30.07.2019,13.08.2019,211,225,218,14,"36,18","2,58",0,1874437222,8450122222,6838333333,94325,363662133,5526144133,282
6131_1_U,6131_1,Urban,c,settlement,d,c_d,NA,NA,NA,NA,NA,NA,NA,NA,NA,3,NA,NA,NA,NA,NA,NA,NA,NA,1,NA,NA,7024666667,9279166667,3634477432,5529940277,302
6131_1_U,6131_1,Urban,c,settlement,d,c_d,NA,NA,NA,NA,NA,NA,NA,NA,NA,4,NA,NA,NA,NA,NA,NA,NA,NA,1,NA,NA,7024666667,9279166667,3634477432,5529940277,302
6131_1_U,6131_1,Urban,c,settlement,d,c_d,446,15,18,253,9,143,20,1,0,5,16.05.2019,30.05.2019,136,150,143,14,"22,58","1,612857143",0,1482124444,7609492778,7024666667,9279166667,3634477432,5529940277,302
6131_1_U,6131_1,Urban,c,settlement,d,c_d,NA,NA,NA,NA,NA,NA,NA,NA,NA,6,30.05.2019,13.06.2019,150,164,157,14,"27,1","1,935714286",0,1994120833,6841668333,7024666667,9279166667,3634477432,5529940277,302
6131_1_U,6131_1,Urban,c,settlement,d,c_d,479,18,18,244,26,126,47,5,6,7,13.06.2019,26.06.2019,164,177,1705,13,"61,6","4,74",0,2288147917,6506880357,7024666667,9279166667,3634477432,5529940277,302
6131_1_U,6131_1,Urban,c,settlement,d,c_d,NA,NA,NA,NA,NA,NA,NA,NA,NA,8,26.06.2019,13.07.2019,177,194,1855,17,"62,06","3,65",0,2127048148,5660140046,7024666667,9279166667,3634477432,5529940277,302
6131_1_U,6131_1,Urban,c,settlement,d,c_d,555,20,29,273,28,144,46,13,3,9,13.07.2019,30.07.2019,194,211,2025,17,"44,53","2,62",0,2308003704,622699375,7024666667,9279166667,3634477432,5529940277,302
6131_1_U,6131_1,Urban,c,settlement,d,c_d,NA,NA,NA,NA,NA,NA,NA,NA,NA,10,30.07.2019,13.08.2019,211,225,218,14,"28,76","2,05",0,2032813611,7188584167,7024666667,9279166667,3634477432,5529940277,302
6137_4_A,6137_4,Semi-natural,a,arable field,c,a_c,NA,NA,NA,NA,NA,NA,NA,NA,NA,3,NA,NA,NA,NA,NA,NA,NA,NA,1,NA,NA,8338333333,7903333333,3714090351,5523502616,565
6137_4_A,6137_4,Semi-natural,a,arable field,c,a_c,NA,NA,NA,NA,NA,NA,NA,NA,NA,4,NA,NA,NA,NA,NA,NA,NA,NA,1,NA,NA,8338333333,7903333333,3714090351,5523502616,565
6137_4_A,6137_4,Semi-natural,a,arable field,c,a_c,246,1,12,176,2,44,6,0,4,5,13.05.2019,28.05.2019,133,148,1405,15,"25,5","1,7",0,118951224,800211276,8338333333,7903333333,3714090351,5523502616,565
6137_4_A,6137_4,Semi-natural,a,arable field,c,a_c,NA,NA,NA,NA,NA,NA,NA,NA,NA,6,28.05.2019,12.06.2019,148,163,1555,15,"55,22","3,68",0,1732839583,7574633073,8338333333,7903333333,3714090351,5523502616,565
6137_4_A,6137_4,Semi-natural,a,arable field,c,a_c,308,5,20,182,10,42,33,14,2,7,12.06.2019,27.06.2019,163,178,1705,15,"102,7","6,85",0,2087461458,729426849,8338333333,7903333333,3714090351,5523502616,565
6137_4_A,6137_4,Semi-natural,a,arable field,c,a_c,NA,NA,NA,NA,NA,NA,NA,NA,NA,8,27.06.2019,11.07.2019,178,192,185,14,"127,17","9,08",0,1859013889,6212783611,8338333333,7903333333,3714090351,5523502616,565
6137_4_A,6137_4,Semi-natural,a,arable field,c,a_c,376,9,26,207,20,64,31,13,6,9,11.07.2019,26.07.2019,192,207,1995,15,"128,5","8,57",0,2035302083,683746901,8338333333,7903333333,3714090351,5523502616,565
6137_4_A,6137_4,Semi-natural,a,arable field,c,a_c,NA,NA,NA,NA,NA,NA,NA,NA,NA,10,26.07.2019,12.08.2019,207,224,2155,17,"87,9","5,17",0,2002204398,7468409028,8338333333,7903333333,3714090351,5523502616,565
6137_4_F,6137_4,Semi-natural,a,forest,a,a_a,NA,NA,NA,NA,NA,NA,NA,NA,NA,3,NA,NA,NA,NA,NA,NA,NA,NA,1,NA,NA,8039666667,8087222222,3713292698,5525198667,550
6137_4_F,6137_4,Semi-natural,a,forest,a,a_a,NA,NA,NA,NA,NA,NA,NA,NA,NA,4,06.05.2019,13.05.2019,126,133,1295,7,"2,49","0,36",0,82640625,7570430729,8039666667,8087222222,3713292698,5525198667,550
6137_4_F,6137_4,Semi-natural,a,forest,a,a_a,386,4,17,249,5,79,17,2,13,5,13.05.2019,28.05.2019,133,148,1405,15,"19,89","1,326",0,1158417188,8015456771,8039666667,8087222222,3713292698,5525198667,550
6137_4_F,6137_4,Semi-natural,a,forest,a,a_a,NA,NA,NA,NA,NA,NA,NA,NA,NA,6,28.05.2019,12.06.2019,148,163,1555,15,"35,59","2,37",0,1740636198,7262211979,8039666667,8087222222,3713292698,5525198667,550
6137_4_F,6137_4,Semi-natural,a,forest,a,a_a,372,5,16,210,7,83,44,2,5,7,12.06.2019,27.06.2019,163,178,1705,15,49,"3,27",0,2073986979,6978975,8039666667,8087222222,3713292698,5525198667,550
6137_4_F,6137_4,Semi-natural,a,forest,a,a_a,NA,NA,NA,NA,NA,NA,NA,NA,NA,8,27.06.2019,11.07.2019,178,192,185,14,"32,37","2,31",0,1889656667,5702710278,8039666667,8087222222,3713292698,5525198667,550
6137_4_F,6137_4,Semi-natural,a,forest,a,a_a,564,10,24,307,13,156,28,8,15,9,11.07.2019,26.07.2019,192,207,1995,15,"41,7","2,78",0,2002180208,676048099,8039666667,8087222222,3713292698,5525198667,550
6137_4_F,6137_4,Semi-natural,a,forest,a,a_a,NA,NA,NA,NA,NA,NA,NA,NA,NA,10,26.07.2019,12.08.2019,207,224,2155,17,"26,78","1,58",0,1939221759,7711719907,8039666667,8087222222,3713292698,5525198667,550
6137_4_G,6137_4,Semi-natural,a,meadow,b,a_b,NA,NA,NA,NA,NA,NA,NA,NA,NA,3,NA,NA,NA,NA,NA,NA,NA,NA,1,NA,NA,7800666667,8173611111,3713007676,5526762242,508
6137_4_G,6137_4,Semi-natural,a,meadow,b,a_b,NA,NA,NA,NA,NA,NA,NA,NA,NA,4,26.04.2019,13.05.2019,116,133,1245,17,"3,39","0,2",0,8736888889,7612630556,7800666667,8173611111,3713007676,5526762242,508
6137_4_G,6137_4,Semi-natural,a,meadow,b,a_b,246,3,14,166,5,44,8,0,5,5,13.05.2019,28.05.2019,133,148,1405,15,"14,8","0,986666667",0,1253877083,756298125,7800666667,8173611111,3713007676,5526762242,508
6137_4_G,6137_4,Semi-natural,a,meadow,b,a_b,NA,NA,NA,NA,NA,NA,NA,NA,NA,6,28.05.2019,12.06.2019,148,163,1555,15,"16,68","1,11",0,1888688281,6717495052,7800666667,8173611111,3713007676,5526762242,508
6137_4_G,6137_4,Semi-natural,a,meadow,b,a_b,309,1,25,201,8,45,19,3,4,7,12.06.2019,27.06.2019,163,178,1705,15,"26,7","1,78",0,2218325781,64806375,7800666667,8173611111,3713007676,5526762242,508
6137_4_G,6137_4,Semi-natural,a,meadow,b,a_b,NA,NA,NA,NA,NA,NA,NA,NA,NA,8,27.06.2019,11.07.2019,178,192,185,14,"21,04","1,5",0,2077058056,5000068056,7800666667,8173611111,3713007676,5526762242,508
6137_4_G,6137_4,Semi-natural,a,meadow,b,a_b,322,5,19,182,13,57,28,9,4,9,11.07.2019,26.07.2019,192,207,1995,15,"25,6","1,71",0,2193778385,621813776,7800666667,8173611111,3713007676,5526762242,508
6137_4_G,6137_4,Semi-natural,a,meadow,b,a_b,NA,NA,NA,NA,NA,NA,NA,NA,NA,10,26.07.2019,12.08.2019,207,224,2155,17,"11,14","0,66",0,2087687963,7482549306,7800666667,8173611111,3713007676,5526762242,508
6224_2_A,6224_2,Agricultural,b,arable field,c,b_c,NA,NA,NA,NA,NA,NA,NA,NA,NA,3,17.04.2019,30.04.2019,107,120,1135,13,"12,74","0,98",0,1146673512,6694412202,6367,995,3555866246,5515727985,242
6224_2_A,6224_2,Agricultural,b,arable field,c,b_c,NA,NA,NA,NA,NA,NA,NA,NA,NA,4,30.04.2019,14.05.2019,120,134,127,14,"18,92","1,35",0,8697986111,7883281944,6367,995,3555866246,5515727985,242
6224_2_A,6224_2,Agricultural,b,arable field,c,b_c,318,4,15,228,7,51,11,0,4,5,14.05.2019,28.05.2019,134,148,141,14,"38,34","2,738571429",0,1285051111,7992221944,6367,995,3555866246,5515727985,242
6224_2_A,6224_2,Agricultural,b,arable field,c,b_c,NA,NA,NA,NA,NA,NA,NA,NA,NA,6,28.05.2019,12.06.2019,148,163,1555,15,"43,51","2,9",0,170261901,7834439323,6367,995,3555866246,5515727985,242
6224_2_A,6224_2,Agricultural,b,arable field,c,b_c,294,3,12,186,9,56,20,3,4,7,12.06.2019,27.06.2019,163,178,1705,15,"90,1","6,01",0,2037130469,7810260677,6367,995,3555866246,5515727985,242
6224_2_A,6224_2,Agricultural,b,arable field,c,b_c,NA,NA,NA,NA,NA,NA,NA,NA,NA,8,27.06.2019,13.07.2019,178,194,186,16,"86,25","5,39",0,1823368873,7130027451,6367,995,3555866246,5515727985,242
6224_2_A,6224_2,Agricultural,b,arable field,c,b_c,512,8,34,295,21,96,43,4,11,9,13.07.2019,30.07.2019,194,211,2025,17,"49,43","2,91",0,2075709954,7338316898,6367,995,3555866246,5515727985,242
6224_2_A,6224_2,Agricultural,b,arable field,c,b_c,NA,NA,NA,NA,NA,NA,NA,NA,NA,10,30.07.2019,13.08.2019,211,225,218,14,"40,32","2,88",0,1891734444,7947611389,6367,995,3555866246,5515727985,242
6224_2_F,6224_2,Agricultural,b,forest,a,b_a,NA,NA,NA,NA,NA,NA,NA,NA,NA,3,17.04.2019,30.04.2019,107,120,1135,13,"40,21","3,09",0,1222675,6800357143,6996333333,9531388889,3555460459,5514394217,281
6224_2_F,6224_2,Agricultural,b,forest,a,b_a,NA,NA,NA,NA,NA,NA,NA,NA,NA,4,30.04.2019,14.05.2019,120,134,127,14,"33,64","2,4",0,9150825,7889689444,6996333333,9531388889,3555460459,5514394217,281
6224_2_F,6224_2,Agricultural,b,forest,a,b_a,510,12,42,269,15,141,27,1,7,5,14.05.2019,28.05.2019,134,148,141,14,"61,53","4,395",0,1300871389,8164983333,6996333333,9531388889,3555460459,5514394217,281
6224_2_F,6224_2,Agricultural,b,forest,a,b_a,NA,NA,NA,NA,NA,NA,NA,NA,NA,6,28.05.2019,12.06.2019,148,163,1555,15,"94,11","6,27",0,1679490365,8200292708,6996333333,9531388889,3555460459,5514394217,281
6224_2_F,6224_2,Agricultural,b,forest,a,b_a,496,10,19,261,17,128,54,2,6,7,12.06.2019,27.06.2019,163,178,1705,15,"83,6","5,57",0,1973559375,8360886198,6996333333,9531388889,3555460459,5514394217,281
6224_2_F,6224_2,Agricultural,b,forest,a,b_a,NA,NA,NA,NA,NA,NA,NA,NA,NA,8,27.06.2019,13.07.2019,178,194,186,16,"89,28","5,58",0,1813633824,7463497549,6996333333,9531388889,3555460459,5514394217,281
6224_2_F,6224_2,Agricultural,b,forest,a,b_a,410,9,20,269,13,38,55,3,4,9,13.07.2019,30.07.2019,194,211,2025,17,"138,02","8,12",0,2037955093,7792058333,6996333333,9531388889,3555460459,5514394217,281
6224_2_F,6224_2,Agricultural,b,forest,a,b_a,NA,NA,NA,NA,NA,NA,NA,NA,NA,10,30.07.2019,13.08.2019,211,225,218,14,"39,85","2,85",0,1896780556,820641,6996333333,9531388889,3555460459,5514394217,281
6224_2_U,6224_2,Agricultural,b,settlement,d,b_d,NA,NA,NA,NA,NA,NA,NA,NA,NA,3,17.04.2019,30.04.2019,107,120,1135,13,"31,9","2,45",0,1378333036,5719676786,6485,9671111111,355793147,5514265156,299
6224_2_U,6224_2,Agricultural,b,settlement,d,b_d,NA,NA,NA,NA,NA,NA,NA,NA,NA,4,30.04.2019,14.05.2019,120,134,127,14,"19,54","1,4",0,1033083611,7073441111,6485,9671111111,355793147,5514265156,299
6224_2_U,6224_2,Agricultural,b,settlement,d,b_d,348,14,27,203,21,69,19,0,6,5,14.05.2019,28.05.2019,134,148,141,14,"23,78","1,698571429",0,1452931944,7201335833,6485,9671111111,355793147,5514265156,299
6224_2_U,6224_2,Agricultural,b,settlement,d,b_d,NA,NA,NA,NA,NA,NA,NA,NA,NA,6,28.05.2019,12.06.2019,148,163,1555,15,"33,09","2,21",0,1922338281,6850473698,6485,9671111111,355793147,5514265156,299
6224_2_U,6224_2,Agricultural,b,settlement,d,b_d,434,10,13,235,14,115,43,4,4,7,12.06.2019,27.06.2019,163,178,1705,15,"136,8","9,12",0,222076875,6944510156,6485,9671111111,355793147,5514265156,299
6224_2_U,6224_2,Agricultural,b,settlement,d,b_d,NA,NA,NA,NA,NA,NA,NA,NA,NA,8,27.06.2019,13.07.2019,178,194,186,16,"73,09","4,57",0,2119372304,5834555147,6485,9671111111,355793147,5514265156,299
6224_2_U,6224_2,Agricultural,b,settlement,d,b_d,557,22,38,303,35,97,48,13,10,9,13.07.2019,30.07.2019,194,211,2025,17,"78,45","4,61",0,2328236574,6198550694,6485,9671111111,355793147,5514265156,299
6224_2_U,6224_2,Agricultural,b,settlement,d,b_d,NA,NA,NA,NA,NA,NA,NA,NA,NA,10,30.07.2019,13.08.2019,211,225,218,14,"49,48","3,53",0,2121904444,6699188611,6485,9671111111,355793147,5514265156,299
6225_2_A,6225_2,Urban,c,arable field,c,c_c,NA,NA,NA,NA,NA,NA,NA,NA,NA,3,16.04.2019,29.04.2019,106,119,1125,13,"24,71","1,9",0,135204256,5639552083,565,1023277778,3569942934,551550255,272
6225_2_A,6225_2,Urban,c,arable field,c,c_c,NA,NA,NA,NA,NA,NA,NA,NA,NA,4,29.04.2019,13.05.2019,119,133,126,14,"18,92","1,35",0,9723897222,7486407778,565,1023277778,3569942934,551550255,272
6225_2_A,6225_2,Urban,c,arable field,c,c_c,331,17,19,209,12,61,19,0,5,5,13.05.2019,27.05.2019,133,147,140,14,"29,07","2,076428571",0,13582925,7343384722,565,1023277778,3569942934,551550255,272
6225_2_A,6225_2,Urban,c,arable field,c,c_c,NA,NA,NA,NA,NA,NA,NA,NA,NA,6,27.05.2019,11.06.2019,147,162,1545,15,"36,36","2,42",0,1860158073,7163488281,565,1023277778,3569942934,551550255,272
6225_2_A,6225_2,Urban,c,arable field,c,c_c,318,9,14,172,9,76,37,3,2,7,11.06.2019,25.06.2019,162,176,169,14,"68,2","4,87",0,2088326389,7475843611,565,1023277778,3569942934,551550255,272
6225_2_A,6225_2,Urban,c,arable field,c,c_c,NA,NA,NA,NA,NA,NA,NA,NA,NA,8,25.06.2019,12.07.2019,176,193,1845,17,"183,92","10,82",0,2115272222,606542338,565,1023277778,3569942934,551550255,272
6225_2_A,6225_2,Urban,c,arable field,c,c_c,426,13,29,202,32,88,41,18,5,9,12.07.2019,29.07.2019,193,210,2015,17,"77,06","4,53",0,2230998843,6549038889,565,1023277778,3569942934,551550255,272
6225_2_A,6225_2,Urban,c,arable field,c,c_c,NA,NA,NA,NA,NA,NA,NA,NA,NA,10,29.07.2019,12.08.2019,210,224,217,14,"28,17","2,01",0,2087439167,7122638056,565,1023277778,3569942934,551550255,272
6225_2_F,6225_2,Urban,c,forest,a,c_a,NA,NA,NA,NA,NA,NA,NA,NA,NA,3,16.04.2019,29.04.2019,106,119,1125,13,"43,08","3,31",0,1436261012,5586537202,6246,1018055556,3569234084,55162007,279
6225_2_F,6225_2,Urban,c,forest,a,c_a,NA,NA,NA,NA,NA,NA,NA,NA,NA,4,29.04.2019,13.05.2019,119,133,126,14,"14,19","1,01",0,1021685556,760656,6246,1018055556,3569234084,55162007,279
6225_2_F,6225_2,Urban,c,forest,a,c_a,356,17,23,201,26,71,19,0,11,5,13.05.2019,27.05.2019,133,147,140,14,"20,4","1,457142857",0,1418810556,7328472222,6246,1018055556,3569234084,55162007,279
6225_2_F,6225_2,Urban,c,forest,a,c_a,NA,NA,NA,NA,NA,NA,NA,NA,NA,6,27.05.2019,11.06.2019,147,162,1545,15,"27,14","1,81",0,187540625,7115954688,6246,1018055556,3569234084,55162007,279
6225_2_F,6225_2,Urban,c,forest,a,c_a,467,21,19,237,19,124,49,6,3,7,11.06.2019,25.06.2019,162,176,169,14,"62,8","4,49",0,2098344444,7512284167,6246,1018055556,3569234084,55162007,279
6225_2_F,6225_2,Urban,c,forest,a,c_a,NA,NA,NA,NA,NA,NA,NA,NA,NA,8,25.06.2019,12.07.2019,176,193,1845,17,"119,63","7,04",0,2183457176,5773578241,6246,1018055556,3569234084,55162007,279
6225_2_F,6225_2,Urban,c,forest,a,c_a,523,29,24,277,29,110,55,12,5,9,12.07.2019,29.07.2019,193,210,2015,17,"85,15","5,01",0,2265558796,6504131481,6246,1018055556,3569234084,55162007,279
6225_2_F,6225_2,Urban,c,forest,a,c_a,NA,NA,NA,NA,NA,NA,NA,NA,NA,10,29.07.2019,12.08.2019,210,224,217,14,"34,48","2,46",0,2098725,7133695556,6246,1018055556,3569234084,55162007,279
6225_2_U,6225_2,Urban,c,settlement,d,c_d,NA,NA,NA,NA,NA,NA,NA,NA,NA,3,16.04.2019,29.04.2019,106,119,1125,13,"43,28","3,33",0,132904494,7207731845,6088,1030861111,356703597,5515566089,180
6225_2_U,6225_2,Urban,c,settlement,d,c_d,NA,NA,NA,NA,NA,NA,NA,NA,NA,4,29.04.2019,13.05.2019,119,133,126,14,"18,05","1,29",0,1011538611,7876534444,6088,1030861111,356703597,5515566089,180
6225_2_U,6225_2,Urban,c,settlement,d,c_d,401,22,19,225,19,101,27,0,4,5,13.05.2019,27.05.2019,133,147,140,14,"52,3","3,735714286",0,1411943333,7434837778,6088,1030861111,356703597,5515566089,180
6225_2_U,6225_2,Urban,c,settlement,d,c_d,NA,NA,NA,NA,NA,NA,NA,NA,NA,6,27.05.2019,11.06.2019,147,162,1545,15,"120,77","8,05",0,1877083854,7312771354,6088,1030861111,356703597,5515566089,180
6225_2_U,6225_2,Urban,c,settlement,d,c_d,330,12,16,187,18,61,38,2,3,7,11.06.2019,25.06.2019,162,176,169,14,"86,1","6,15",0,2138556944,7576554444,6088,1030861111,356703597,5515566089,180
6225_2_U,6225_2,Urban,c,settlement,d,c_d,NA,NA,NA,NA,NA,NA,NA,NA,NA,8,25.06.2019,12.07.2019,176,193,1845,17,"129,12","7,6",0,2161579861,6191104398,6088,1030861111,356703597,5515566089,180
6225_2_U,6225_2,Urban,c,settlement,d,c_d,526,30,24,278,27,114,55,9,7,9,12.07.2019,29.07.2019,193,210,2015,17,"111,27","6,55",0,2254118519,6778278241,6088,1030861111,356703597,5515566089,180
6225_2_U,6225_2,Urban,c,settlement,d,c_d,NA,NA,NA,NA,NA,NA,NA,NA,NA,10,29.07.2019,12.08.2019,210,224,217,14,"59,01","4,22",0,2080687778,7529580556,6088,1030861111,356703597,5515566089,180
6231_4_A,6231_4,Semi-natural,a,arable field,c,a_c,NA,NA,NA,NA,NA,NA,NA,NA,NA,3,17.04.2019,30.04.2019,107,120,1135,13,"24,55","1,89",0,141063006,5902648214,6636333333,9685833333,3641968596,5513216619,261
6231_4_A,6231_4,Semi-natural,a,arable field,c,a_c,NA,NA,NA,NA,NA,NA,NA,NA,NA,4,30.04.2019,15.05.2019,120,135,1275,15,"9,12","0,61",0,9663882813,7611622135,6636333333,9685833333,3641968596,5513216619,261
6231_4_A,6231_4,Semi-natural,a,arable field,c,a_c,495,12,40,313,7,105,19,1,5,5,15.05.2019,29.05.2019,135,149,142,14,"33,97","2,426428571",0,1456523611,7786862778,6636333333,9685833333,3641968596,5513216619,261
6231_4_A,6231_4,Semi-natural,a,arable field,c,a_c,NA,NA,NA,NA,NA,NA,NA,NA,NA,6,29.05.2019,11.06.2019,149,162,1555,13,"40,07","3,08",0,2031069048,7048283333,6636333333,9685833333,3641968596,5513216619,261
6231_4_A,6231_4,Semi-natural,a,arable field,c,a_c,502,14,29,316,26,81,27,5,9,7,11.06.2019,25.06.2019,162,176,169,14,"59,1","4,221428571",0,2278037778,7044885,6636333333,9685833333,3641968596,5513216619,261
6231_4_A,6231_4,Semi-natural,a,arable field,c,a_c,NA,NA,NA,NA,NA,NA,NA,NA,NA,8,25.06.2019,12.07.2019,176,193,1845,17,"144,26","8,49",0,2180322917,6254670139,6636333333,9685833333,3641968596,5513216619,261
6231_4_A,6231_4,Semi-natural,a,arable field,c,a_c,626,25,25,306,17,175,73,7,12,9,12.07.2019,29.07.2019,193,210,2015,17,"91,65","5,39",0,227048588,6915346759,6636333333,9685833333,3641968596,5513216619,261
6231_4_A,6231_4,Semi-natural,a,arable field,c,a_c,NA,NA,NA,NA,NA,NA,NA,NA,NA,10,29.07.2019,13.08.2019,210,225,2175,15,"45,11","3,01",0,2090610677,7805822917,6636333333,9685833333,3641968596,5513216619,261
6231_4_F,6231_4,Semi-natural,a,forest,a,a_a,NA,NA,NA,NA,NA,NA,NA,NA,NA,3,17.04.2019,30.04.2019,107,120,1135,13,"21,06","1,62",0,1320690179,5787428869,6918,9575555556,3643150908,5512586362,292
6231_4_F,6231_4,Semi-natural,a,forest,a,a_a,NA,NA,NA,NA,NA,NA,NA,NA,NA,4,30.04.2019,15.05.2019,120,135,1275,15,"18,77","1,25",0,8744802083,7687108073,6918,9575555556,3643150908,5512586362,292
6231_4_F,6231_4,Semi-natural,a,forest,a,a_a,489,16,22,271,12,134,28,0,12,5,15.05.2019,29.05.2019,135,149,142,14,"34,46","2,461428571",0,1329438333,7994375,6918,9575555556,3643150908,5512586362,292
6231_4_F,6231_4,Semi-natural,a,forest,a,a_a,NA,NA,NA,NA,NA,NA,NA,NA,NA,6,29.05.2019,11.06.2019,149,162,1555,13,"48,97","3,77",0,1824718452,727983125,6918,9575555556,3643150908,5512586362,292
6231_4_F,6231_4,Semi-natural,a,forest,a,a_a,632,15,45,329,40,144,50,1,11,7,11.06.2019,25.06.2019,162,176,169,14,"63,3","4,521428571",0,2077530833,7288436944,6918,9575555556,3643150908,5512586362,292
6231_4_F,6231_4,Semi-natural,a,forest,a,a_a,NA,NA,NA,NA,NA,NA,NA,NA,NA,8,25.06.2019,12.07.2019,176,193,1845,17,"119,29","7,02",0,20031875,6222520833,6918,9575555556,3643150908,5512586362,292
6231_4_F,6231_4,Semi-natural,a,forest,a,a_a,503,22,24,221,20,144,64,12,10,9,12.07.2019,29.07.2019,193,210,2015,17,"97,47","5,73",0,2122688889,7082025231,6918,9575555556,3643150908,5512586362,292
6231_4_F,6231_4,Semi-natural,a,forest,a,a_a,NA,NA,NA,NA,NA,NA,NA,NA,NA,10,29.07.2019,13.08.2019,210,225,2175,15,"44,08","2,94",0,1903948177,8431415885,6918,9575555556,3643150908,5512586362,292
6231_4_G,6231_4,Semi-natural,a,meadow,b,a_b,NA,NA,NA,NA,NA,NA,NA,NA,NA,3,NA,NA,NA,NA,NA,NA,NA,NA,1,NA,NA,7183666667,9578055556,3643907001,5510022221,290
6231_4_G,6231_4,Semi-natural,a,meadow,b,a_b,NA,NA,NA,NA,NA,NA,NA,NA,NA,4,30.04.2019,15.05.2019,120,135,1275,15,"13,85","0,92",0,928184375,749728099,7183666667,9578055556,3643907001,5510022221,290
6231_4_G,6231_4,Semi-natural,a,meadow,b,a_b,373,4,21,245,8,69,20,1,5,5,15.05.2019,29.05.2019,135,149,142,14,"38,12","2,722857143",0,1397470278,7747570278,7183666667,9578055556,3643907001,5510022221,290
6231_4_G,6231_4,Semi-natural,a,meadow,b,a_b,NA,NA,NA,NA,NA,NA,NA,NA,NA,6,NA,NA,NA,NA,NA,NA,NA,NA,1,1907058631,7251208333,7183666667,9578055556,3643907001,5510022221,290
6231_4_G,6231_4,Semi-natural,a,meadow,b,a_b,508,9,30,316,20,91,38,1,7,7,11.06.2019,25.06.2019,162,176,169,14,"73,9","5,278571429",0,2204951111,716848,7183666667,9578055556,3643907001,5510022221,290
6231_4_G,6231_4,Semi-natural,a,meadow,b,a_b,NA,NA,NA,NA,NA,NA,NA,NA,NA,8,25.06.2019,12.07.2019,176,193,1845,17,"91,11","5,36",0,2183197685,6329673148,7183666667,9578055556,3643907001,5510022221,290
6231_4_G,6231_4,Semi-natural,a,meadow,b,a_b,474,14,15,308,16,68,41,12,4,9,12.07.2019,29.07.2019,193,210,2015,17,"66,53","3,91",0,2265485417,7105002315,7183666667,9578055556,3643907001,5510022221,290
6231_4_G,6231_4,Semi-natural,a,meadow,b,a_b,NA,NA,NA,NA,NA,NA,NA,NA,NA,10,29.07.2019,13.08.2019,210,225,2175,15,NA,NA,1,2037829688,7959934375,7183666667,9578055556,3643907001,5510022221,290
6234_2_A,6234_2,Semi-natural,a,arable field,c,a_c,NA,NA,NA,NA,NA,NA,NA,NA,NA,3,05.04.2019,25.04.2019,95,115,105,20,"15,93","0,8",0,1075624008,5810242857,8755666667,8710833333,3674868729,5520094588,464
6234_2_A,6234_2,Semi-natural,a,arable field,c,a_c,NA,NA,NA,NA,NA,NA,NA,NA,NA,4,25.04.2019,13.05.2019,115,133,124,18,"10,89","0,61",0,8511682018,8025650219,8755666667,8710833333,3674868729,5520094588,464
6234_2_A,6234_2,Semi-natural,a,arable field,c,a_c,414,10,30,260,12,73,27,1,7,5,13.05.2019,28.05.2019,133,148,1405,15,"32,07","2,138",0,1234474219,7888983594,8755666667,8710833333,3674868729,5520094588,464
6234_2_A,6234_2,Semi-natural,a,arable field,c,a_c,NA,NA,NA,NA,NA,NA,NA,NA,NA,6,28.05.2019,12.06.2019,148,163,1555,15,"54,45","3,63",0,1840434896,7226859375,8755666667,8710833333,3674868729,5520094588,464
6234_2_A,6234_2,Semi-natural,a,arable field,c,a_c,362,17,27,185,13,54,59,16,3,7,12.06.2019,28.06.2019,163,179,171,16,"125,1","7,82",0,2202934804,6735801716,8755666667,8710833333,3674868729,5520094588,464
6234_2_A,6234_2,Semi-natural,a,arable field,c,a_c,NA,NA,NA,NA,NA,NA,NA,NA,NA,8,28.06.2019,13.07.2019,179,194,1865,15,"75,23","5,02",0,1927686979,596646901,8755666667,8710833333,3674868729,5520094588,464
6234_2_A,6234_2,Semi-natural,a,arable field,c,a_c,583,16,25,353,19,101,59,9,7,9,13.07.2019,26.07.2019,194,207,2005,13,"89,16","6,86",0,2164883631,647530744,8755666667,8710833333,3674868729,5520094588,464
6234_2_A,6234_2,Semi-natural,a,arable field,c,a_c,NA,NA,NA,NA,NA,NA,NA,NA,NA,10,26.07.2019,12.08.2019,207,224,2155,17,"73,19","4,31",0,2000180324,7846863194,8755666667,8710833333,3674868729,5520094588,464
6234_2_F,6234_2,Semi-natural,a,forest,a,a_a,NA,NA,NA,NA,NA,NA,NA,NA,NA,3,05.04.2019,25.04.2019,95,115,105,20,"15,3","0,77",0,1052772421,5809642857,9212,8339166667,3678768161,5516624097,474
6234_2_F,6234_2,Semi-natural,a,forest,a,a_a,NA,NA,NA,NA,NA,NA,NA,NA,NA,4,25.04.2019,13.05.2019,115,133,124,18,"14,01","0,78",0,8126296053,8002033553,9212,8339166667,3678768161,5516624097,474
6234_2_F,6234_2,Semi-natural,a,forest,a,a_a,361,11,30,220,12,66,21,1,8,5,13.05.2019,28.05.2019,133,148,1405,15,"31,48","2,098666667",0,1173254167,781933151,9212,8339166667,3678768161,5516624097,474
6234_2_F,6234_2,Semi-natural,a,forest,a,a_a,NA,NA,NA,NA,NA,NA,NA,NA,NA,6,28.05.2019,12.06.2019,148,163,1555,15,"54,6","3,64",0,1730814323,7187607292,9212,8339166667,3678768161,5516624097,474
6234_2_F,6234_2,Semi-natural,a,forest,a,a_a,528,22,41,275,14,99,72,7,10,7,12.06.2019,28.06.2019,163,179,171,16,"92,4","5,78",0,2065467892,6914188971,9212,8339166667,3678768161,5516624097,474
6234_2_F,6234_2,Semi-natural,a,forest,a,a_a,NA,NA,NA,NA,NA,NA,NA,NA,NA,8,28.06.2019,13.07.2019,179,194,1865,15,"113,07","7,54",0,182048151,6089232813,9212,8339166667,3678768161,5516624097,474
6234_2_F,6234_2,Semi-natural,a,forest,a,a_a,541,22,35,254,26,128,73,7,6,9,13.07.2019,26.07.2019,194,207,2005,13,"62,51","4,81",0,2070180357,6541634821,9212,8339166667,3678768161,5516624097,474
6234_2_F,6234_2,Semi-natural,a,forest,a,a_a,NA,NA,NA,NA,NA,NA,NA,NA,NA,10,26.07.2019,12.08.2019,207,224,2155,17,"60,93","3,58",0,1925329861,7841534722,9212,8339166667,3678768161,5516624097,474
6234_2_G,6234_2,Semi-natural,a,meadow,b,a_b,NA,NA,NA,NA,NA,NA,NA,NA,NA,3,05.04.2019,25.04.2019,95,115,105,20,"15,99","0,8",0,101282123,7100971825,9418,8420277778,3676054213,5518433816,450
6234_2_G,6234_2,Semi-natural,a,meadow,b,a_b,NA,NA,NA,NA,NA,NA,NA,NA,NA,4,25.04.2019,13.05.2019,115,133,124,18,"4,37","0,24",0,8126493421,8079697588,9418,8420277778,3676054213,5518433816,450
6234_2_G,6234_2,Semi-natural,a,meadow,b,a_b,NA,NA,NA,NA,NA,NA,NA,NA,NA,5,13.05.2019,28.05.2019,133,148,1405,15,NA,NA,1,118093724,7987189323,9418,8420277778,3676054213,5518433816,450
6234_2_G,6234_2,Semi-natural,a,meadow,b,a_b,NA,NA,NA,NA,NA,NA,NA,NA,NA,6,28.05.2019,12.06.2019,148,163,1555,15,"71,2","4,75",0,1740910156,738018099,9418,8420277778,3676054213,5518433816,450
6234_2_G,6234_2,Semi-natural,a,meadow,b,a_b,333,8,23,192,11,49,32,12,7,7,12.06.2019,28.06.2019,163,179,171,16,"99,4","6,21",0,2069506373,7078708333,9418,8420277778,3676054213,5518433816,450
6234_2_G,6234_2,Semi-natural,a,meadow,b,a_b,NA,NA,NA,NA,NA,NA,NA,NA,NA,8,28.06.2019,13.07.2019,179,194,1865,15,"68,23","4,55",0,1813789063,6299260156,9418,8420277778,3676054213,5518433816,450
6234_2_G,6234_2,Semi-natural,a,meadow,b,a_b,351,10,17,191,21,64,35,7,7,9,13.07.2019,26.07.2019,194,207,2005,13,"59,45","4,57",0,2082708631,6769853274,9418,8420277778,3676054213,5518433816,450
6234_2_G,6234_2,Semi-natural,a,meadow,b,a_b,NA,NA,NA,NA,NA,NA,NA,NA,NA,10,26.07.2019,12.08.2019,207,224,2155,17,"38,5","2,26",0,1936033565,7932468981,9418,8420277778,3676054213,5518433816,450
6327_2_A,6327_2,Agricultural,b,arable field,c,b_c,NA,NA,NA,NA,NA,NA,NA,NA,NA,3,18.04.2019,01.05.2019,108,121,1145,13,"4,6","0,35",0,1417569643,5880528571,6248333333,9739166667,3591981998,5506930653,277
6327_2_A,6327_2,Agricultural,b,arable field,c,b_c,NA,NA,NA,NA,NA,NA,NA,NA,NA,4,01.05.2019,16.05.2019,121,136,1285,15,"2,53","0,17",0,9434875,738416849,6248333333,9739166667,3591981998,5506930653,277
6327_2_A,6327_2,Agricultural,b,arable field,c,b_c,223,6,14,138,2,51,11,0,4,5,16.05.2019,30.05.2019,136,150,143,14,"22,42","1,601428571",0,1430907778,7869334444,6248333333,9739166667,3591981998,5506930653,277
6327_2_A,6327_2,Agricultural,b,arable field,c,b_c,NA,NA,NA,NA,NA,NA,NA,NA,NA,6,30.05.2019,16.06.2019,150,167,1585,17,"36,79","2,16",0,1966455787,7119965741,6248333333,9739166667,3591981998,5506930653,277
6327_2_A,6327_2,Agricultural,b,arable field,c,b_c,311,10,23,167,13,62,34,4,6,7,16.06.2019,29.06.2019,167,180,1735,13,"70,2","5,4",0,2313403571,66409375,6248333333,9739166667,3591981998,5506930653,277
6327_2_A,6327_2,Agricultural,b,arable field,c,b_c,NA,NA,NA,NA,NA,NA,NA,NA,NA,8,29.06.2019,16.07.2019,180,197,1885,17,"57,69","3,39",0,194813588,6361775463,6248333333,9739166667,3591981998,5506930653,277
6327_2_A,6327_2,Agricultural,b,arable field,c,b_c,258,5,18,136,13,42,34,10,3,9,16.07.2019,02.08.2019,197,214,2055,17,"45,02","2,65",0,2302522454,6403545602,6248333333,9739166667,3591981998,5506930653,277
6327_2_A,6327_2,Agricultural,b,arable field,c,b_c,NA,NA,NA,NA,NA,NA,NA,NA,NA,10,02.08.2019,15.08.2019,214,227,2205,13,NA,NA,1,19694875,7361160119,6248333333,9739166667,3591981998,5506930653,277
6327_2_G,6327_2,Agricultural,b,meadow,b,b_b,NA,NA,NA,NA,NA,NA,NA,NA,NA,3,18.04.2019,01.05.2019,108,121,1145,13,"10,46","0,8",0,1304666071,6123115774,6416666667,9568611111,3595052579,5506791916,294
6327_2_G,6327_2,Agricultural,b,meadow,b,b_b,NA,NA,NA,NA,NA,NA,NA,NA,NA,4,01.05.2019,16.05.2019,121,136,1285,15,"4,47","0,3",0,8854598958,7620181771,6416666667,9568611111,3595052579,5506791916,294
6327_2_G,6327_2,Agricultural,b,meadow,b,b_b,276,7,11,173,11,50,24,0,5,5,16.05.2019,30.05.2019,136,150,143,14,"19,77","1,412142857",0,1361661667,8104924167,6416666667,9568611111,3595052579,5506791916,294
6327_2_G,6327_2,Agricultural,b,meadow,b,b_b,NA,NA,NA,NA,NA,NA,NA,NA,NA,6,30.05.2019,16.06.2019,150,167,1585,17,"52,14","3,07",0,1859672222,7528922454,6416666667,9568611111,3595052579,5506791916,294
6327_2_G,6327_2,Agricultural,b,meadow,b,b_b,304,7,13,170,9,56,40,8,3,7,16.06.2019,29.06.2019,167,180,1735,13,"108,2","8,32",0,2230646131,6901735119,6416666667,9568611111,3595052579,5506791916,294
6327_2_G,6327_2,Agricultural,b,meadow,b,b_b,NA,NA,NA,NA,NA,NA,NA,NA,NA,8,29.06.2019,16.07.2019,180,197,1885,17,"97,89","5,76",0,1887587269,6531007639,6416666667,9568611111,3595052579,5506791916,294
6327_2_G,6327_2,Agricultural,b,meadow,b,b_b,430,13,19,222,21,97,50,10,4,9,16.07.2019,02.08.2019,197,214,2055,17,"79,87","4,7",0,2214074074,6668416667,6416666667,9568611111,3595052579,5506791916,294
6327_2_G,6327_2,Agricultural,b,meadow,b,b_b,NA,NA,NA,NA,NA,NA,NA,NA,NA,10,02.08.2019,15.08.2019,214,227,2205,13,"46,62","3,59",0,1885658631,7735112798,6416666667,9568611111,3595052579,5506791916,294
6327_2_U,6327_2,Agricultural,b,settlement,d,b_d,NA,NA,NA,NA,NA,NA,NA,NA,NA,3,18.04.2019,01.05.2019,108,121,1145,13,"44,38","3,41",0,1339114881,6356060714,6155,9763611111,3592503351,5504251251,263
6327_2_U,6327_2,Agricultural,b,settlement,d,b_d,NA,NA,NA,NA,NA,NA,NA,NA,NA,4,01.05.2019,16.05.2019,121,136,1285,15,"19,02","1,27",0,960159375,754956875,6155,9763611111,3592503351,5504251251,263
6327_2_U,6327_2,Agricultural,b,settlement,d,b_d,292,13,20,168,11,67,13,0,9,5,16.05.2019,30.05.2019,136,150,143,14,"32,98","2,355714286",0,1418668611,8051663611,6155,9763611111,3592503351,5504251251,263
6327_2_U,6327_2,Agricultural,b,settlement,d,b_d,NA,NA,NA,NA,NA,NA,NA,NA,NA,6,30.05.2019,16.06.2019,150,167,1585,17,"52,96","3,12",0,1880416204,7612295139,6155,9763611111,3592503351,5504251251,263
6327_2_U,6327_2,Agricultural,b,settlement,d,b_d,494,14,20,283,13,116,38,7,8,7,16.06.2019,29.06.2019,167,180,1735,13,"62,2","4,78",0,2177969643,739874256,6155,9763611111,3592503351,5504251251,263
6327_2_U,6327_2,Agricultural,b,settlement,d,b_d,NA,NA,NA,NA,NA,NA,NA,NA,NA,8,29.06.2019,16.07.2019,180,197,1885,17,"53,76","3,16",0,1860921296,6961285185,6155,9763611111,3592503351,5504251251,263
6327_2_U,6327_2,Agricultural,b,settlement,d,b_d,836,25,56,439,35,182,73,10,24,9,16.07.2019,02.08.2019,197,214,2055,17,"67,41","3,97",0,2179736111,706411412,6155,9763611111,3592503351,5504251251,263
6327_2_U,6327_2,Agricultural,b,settlement,d,b_d,NA,NA,NA,NA,NA,NA,NA,NA,NA,10,02.08.2019,15.08.2019,214,227,2205,13,"23,53","1,81",0,1896530655,7932962202,6155,9763611111,3592503351,5504251251,263
6532_3_A,6532_3,Urban,c,arable field,c,c_c,NA,NA,NA,NA,NA,NA,NA,NA,NA,3,14.04.2019,29.04.2019,104,119,1115,15,"15,22","1,01",0,1252148698,57401875,6469,9428888889,3645199299,5475604428,331
6532_3_A,6532_3,Urban,c,arable field,c,c_c,NA,NA,NA,NA,NA,NA,NA,NA,NA,4,29.04.2019,14.05.2019,119,134,1265,15,"10,62","0,71",0,9600992188,7413284896,6469,9428888889,3645199299,5475604428,331
6532_3_A,6532_3,Urban,c,arable field,c,c_c,366,9,32,209,13,85,15,0,8,5,14.05.2019,28.05.2019,134,148,141,14,"18,68","1,334285714",0,14070275,7534775278,6469,9428888889,3645199299,5475604428,331
6532_3_A,6532_3,Urban,c,arable field,c,c_c,NA,NA,NA,NA,NA,NA,NA,NA,NA,6,28.05.2019,11.06.2019,148,162,155,14,"39,33","2,81",0,1920071111,6863543056,6469,9428888889,3645199299,5475604428,331
6532_3_A,6532_3,Urban,c,arable field,c,c_c,320,6,27,159,16,67,38,3,6,7,11.06.2019,25.06.2019,162,176,169,14,47,"3,36",0,2154885,7200961944,6469,9428888889,3645199299,5475604428,331
6532_3_A,6532_3,Urban,c,arable field,c,c_c,NA,NA,NA,NA,NA,NA,NA,NA,NA,8,25.06.2019,12.07.2019,176,193,1845,17,"151,94","8,94",0,2198225926,5692171991,6469,9428888889,3645199299,5475604428,331
6532_3_A,6532_3,Urban,c,arable field,c,c_c,447,11,25,219,22,117,43,8,6,9,12.07.2019,29.07.2019,193,210,2015,17,"50,97",3,0,2270249769,6540813889,6469,9428888889,3645199299,5475604428,331
6532_3_A,6532_3,Urban,c,arable field,c,c_c,NA,NA,NA,NA,NA,NA,NA,NA,NA,10,29.07.2019,12.08.2019,210,224,217,14,"27,09","1,94",0,2068450833,7535749167,6469,9428888889,3645199299,5475604428,331
6532_3_F,6532_3,Urban,c,forest,a,c_a,NA,NA,NA,NA,NA,NA,NA,NA,NA,3,14.04.2019,29.04.2019,104,119,1115,15,"113,29","7,55",0,1262694271,564907526,6088333333,9659166667,3647164818,5477224372,323
6532_3_F,6532_3,Urban,c,forest,a,c_a,NA,NA,NA,NA,NA,NA,NA,NA,NA,4,29.04.2019,14.05.2019,119,134,1265,15,"60,68","4,05",0,9477101563,7659224479,6088333333,9659166667,3647164818,5477224372,323
6532_3_F,6532_3,Urban,c,forest,a,c_a,393,8,25,217,16,100,12,1,16,5,14.05.2019,28.05.2019,134,148,141,14,"50,36","3,597142857",0,1330280278,7949038611,6088333333,9659166667,3647164818,5477224372,323
6532_3_F,6532_3,Urban,c,forest,a,c_a,NA,NA,NA,NA,NA,NA,NA,NA,NA,6,28.05.2019,11.06.2019,148,162,155,14,"59,75","4,27",0,1816690278,7255323056,6088333333,9659166667,3647164818,5477224372,323
6532_3_F,6532_3,Urban,c,forest,a,c_a,378,13,16,218,13,79,27,5,14,7,11.06.2019,25.06.2019,162,176,169,14,"63,7","4,55",0,2018176667,7889201667,6088333333,9659166667,3647164818,5477224372,323
6532_3_F,6532_3,Urban,c,forest,a,c_a,NA,NA,NA,NA,NA,NA,NA,NA,NA,8,25.06.2019,12.07.2019,176,193,1845,17,"127,71","7,51",0,212337662,5903040972,6088333333,9659166667,3647164818,5477224372,323
6532_3_F,6532_3,Urban,c,forest,a,c_a,430,11,30,213,26,105,39,6,4,9,12.07.2019,29.07.2019,193,210,2015,17,"77,2","4,54",0,2123592593,7258386806,6088333333,9659166667,3647164818,5477224372,323
6532_3_F,6532_3,Urban,c,forest,a,c_a,NA,NA,NA,NA,NA,NA,NA,NA,NA,10,29.07.2019,12.08.2019,210,224,217,14,"27,77","1,98",0,1938495,8398532222,6088333333,9659166667,3647164818,5477224372,323
6532_3_U,6532_3,Urban,c,settlement,d,c_d,NA,NA,NA,NA,NA,NA,NA,NA,NA,3,14.04.2019,29.04.2019,104,119,1115,15,"11,14","0,74",0,1372286719,527387474,6167,95925,3648823783,5477985926,320
6532_3_U,6532_3,Urban,c,settlement,d,c_d,NA,NA,NA,NA,NA,NA,NA,NA,NA,4,29.04.2019,14.05.2019,119,134,1265,15,"13,03","0,87",0,1001655208,7423982813,6167,95925,3648823783,5477985926,320
6532_3_U,6532_3,Urban,c,settlement,d,c_d,328,10,16,188,13,77,26,0,3,5,14.05.2019,28.05.2019,134,148,141,14,"15,66","1,118571429",0,1445102778,7514461111,6167,95925,3648823783,5477985926,320
6532_3_U,6532_3,Urban,c,settlement,d,c_d,NA,NA,NA,NA,NA,NA,NA,NA,NA,6,28.05.2019,11.06.2019,148,162,155,14,"26,3","1,88",0,1978240556,6606336389,6167,95925,3648823783,5477985926,320
6532_3_U,6532_3,Urban,c,settlement,d,c_d,372,10,18,188,19,75,63,1,2,7,11.06.2019,25.06.2019,162,176,169,14,"73,4","5,24",0,2215513611,6990272778,6167,95925,3648823783,5477985926,320
6532_3_U,6532_3,Urban,c,settlement,d,c_d,NA,NA,NA,NA,NA,NA,NA,NA,NA,8,25.06.2019,12.07.2019,176,193,1845,17,"129,45","7,61",0,2299602546,5154776157,6167,95925,3648823783,5477985926,320
6532_3_U,6532_3,Urban,c,settlement,d,c_d,466,17,17,230,16,102,71,10,5,9,12.07.2019,29.07.2019,193,210,2015,17,"35,98","2,12",0,2317363889,6503623148,6167,95925,3648823783,5477985926,320
6532_3_U,6532_3,Urban,c,settlement,d,c_d,NA,NA,NA,NA,NA,NA,NA,NA,NA,10,29.07.2019,12.08.2019,210,224,217,14,"47,39","3,39",0,2109862778,7700082222,6167,95925,3648823783,5477985926,320
6533_4_F,6533_4,Semi-natural,a,forest,a,a_a,NA,NA,NA,NA,NA,NA,NA,NA,NA,3,13.04.2019,29.04.2019,103,119,111,16,"25,55","1,6",0,1224261029,5358594118,8201666667,8924444444,3668433135,5477482135,410
6533_4_F,6533_4,Semi-natural,a,forest,a,a_a,NA,NA,NA,NA,NA,NA,NA,NA,NA,4,29.04.2019,14.05.2019,119,134,1265,15,"16,04","1,07",0,8556382813,7465868229,8201666667,8924444444,3668433135,5477482135,410
6533_4_F,6533_4,Semi-natural,a,forest,a,a_a,303,6,14,195,2,67,14,0,7,5,14.05.2019,28.05.2019,134,148,141,14,"23,88","1,705714286",0,1271293056,76258475,8201666667,8924444444,3668433135,5477482135,410
6533_4_F,6533_4,Semi-natural,a,forest,a,a_a,NA,NA,NA,NA,NA,NA,NA,NA,NA,6,28.05.2019,11.06.2019,148,162,155,14,"26,19","1,87",2,NA,NA,8201666667,8924444444,3668433135,5477482135,410
6533_4_F,6533_4,Semi-natural,a,forest,a,a_a,457,25,21,236,11,114,50,7,10,7,11.06.2019,25.06.2019,162,176,169,14,"88,1","6,29",0,2093921944,6877534167,8201666667,8924444444,3668433135,5477482135,410
6533_4_F,6533_4,Semi-natural,a,forest,a,a_a,NA,NA,NA,NA,NA,NA,NA,NA,NA,8,25.06.2019,12.07.2019,176,193,1845,17,"34,83","2,05",0,2111267593,5475421296,8201666667,8924444444,3668433135,5477482135,410
6533_4_F,6533_4,Semi-natural,a,forest,a,a_a,326,19,6,177,15,80,25,8,6,9,12.07.2019,29.07.2019,193,210,2015,17,"44,89","2,64",0,2149890741,6775296296,8201666667,8924444444,3668433135,5477482135,410
6533_4_F,6533_4,Semi-natural,a,forest,a,a_a,NA,NA,NA,NA,NA,NA,NA,NA,NA,10,29.07.2019,12.08.2019,210,224,217,14,"43,84","3,13",0,1947401667,7958238056,8201666667,8924444444,3668433135,5477482135,410
6533_4_G,6533_4,Semi-natural,a,meadow,b,a_b,NA,NA,NA,NA,NA,NA,NA,NA,NA,3,NA,NA,NA,NA,NA,NA,NA,NA,1,NA,NA,8285666667,9065,3665985085,5480910068,354
6533_4_G,6533_4,Semi-natural,a,meadow,b,a_b,NA,NA,NA,NA,NA,NA,NA,NA,NA,4,29.04.2019,14.05.2019,119,134,1265,15,"21,36","1,42",0,9012601563,7749690104,8285666667,9065,3665985085,5480910068,354
6533_4_G,6533_4,Semi-natural,a,meadow,b,a_b,415,7,19,276,13,74,20,2,6,5,14.05.2019,28.05.2019,134,148,141,14,"35,47","2,533571429",0,1346309167,7830976111,8285666667,9065,3665985085,5480910068,354
6533_4_G,6533_4,Semi-natural,a,meadow,b,a_b,NA,NA,NA,NA,NA,NA,NA,NA,NA,6,28.05.2019,11.06.2019,148,162,155,14,"52,04","3,72",2,NA,NA,8285666667,9065,3665985085,5480910068,354
6533_4_G,6533_4,Semi-natural,a,meadow,b,a_b,511,13,29,309,25,88,43,6,6,7,11.06.2019,25.06.2019,162,176,169,14,"46,6","3,33",0,2123830278,7678275278,8285666667,9065,3665985085,5480910068,354
6533_4_G,6533_4,Semi-natural,a,meadow,b,a_b,NA,NA,NA,NA,NA,NA,NA,NA,NA,8,25.06.2019,12.07.2019,176,193,1845,17,"102,53","6,03",0,2033183333,7032302778,8285666667,9065,3665985085,5480910068,354
6533_4_G,6533_4,Semi-natural,a,meadow,b,a_b,595,21,22,330,20,140,55,10,8,9,12.07.2019,29.07.2019,193,210,2015,17,"66,22","3,9",0,2089275694,785616412,8285666667,9065,3665985085,5480910068,354
6533_4_G,6533_4,Semi-natural,a,meadow,b,a_b,NA,NA,NA,NA,NA,NA,NA,NA,NA,10,29.07.2019,12.08.2019,210,224,217,14,"32,32","2,31",0,1936241389,85357475,8285666667,9065,3665985085,5480910068,354
6533_4_U,6533_4,Semi-natural,a,settlement,d,a_d,NA,NA,NA,NA,NA,NA,NA,NA,NA,3,13.04.2019,29.04.2019,103,119,111,16,"10,95","0,68",0,122568848,5607879902,8146666667,8936111111,3666850564,5477502228,393
6533_4_U,6533_4,Semi-natural,a,settlement,d,a_d,NA,NA,NA,NA,NA,NA,NA,NA,NA,4,29.04.2019,14.05.2019,119,134,1265,15,"8,52","0,57",0,9080278646,7530288542,8146666667,8936111111,3666850564,5477502228,393
6533_4_U,6533_4,Semi-natural,a,settlement,d,a_d,320,3,20,211,10,68,7,0,1,5,14.05.2019,28.05.2019,134,148,141,14,"15,52","1,108571429",0,1323102222,7752319167,8146666667,8936111111,3666850564,5477502228,393
6533_4_U,6533_4,Semi-natural,a,settlement,d,a_d,NA,NA,NA,NA,NA,NA,NA,NA,NA,6,28.05.2019,11.06.2019,148,162,155,14,"47,78","3,41",2,NA,NA,8146666667,8936111111,3666850564,5477502228,393
6533_4_U,6533_4,Semi-natural,a,settlement,d,a_d,482,9,31,313,28,78,21,1,5,7,11.06.2019,25.06.2019,162,176,169,14,"62,9","4,49",0,2105991389,7193218611,8146666667,8936111111,3666850564,5477502228,393
6533_4_U,6533_4,Semi-natural,a,settlement,d,a_d,NA,NA,NA,NA,NA,NA,NA,NA,NA,8,25.06.2019,12.07.2019,176,193,1845,17,"59,24","3,48",0,2096194213,5821458102,8146666667,8936111111,3666850564,5477502228,393
6533_4_U,6533_4,Semi-natural,a,settlement,d,a_d,431,13,13,252,11,110,32,4,4,9,12.07.2019,29.07.2019,193,210,2015,17,"46,41","2,73",0,2135120602,7076878472,8146666667,8936111111,3666850564,5477502228,393
6533_4_U,6533_4,Semi-natural,a,settlement,d,a_d,NA,NA,NA,NA,NA,NA,NA,NA,NA,10,29.07.2019,12.08.2019,210,224,217,14,"24,8","1,77",0,1969597222,81678425,8146666667,8936111111,3666850564,5477502228,393
6836_3_A,6836_3,Agricultural,b,arable field,c,b_c,NA,NA,NA,NA,NA,NA,NA,NA,NA,3,11.04.2019,02.05.2019,101,122,1115,21,"24,04","1,14",0,107577197,5836905114,8269666667,8335833333,3698600829,5447045652,542
6836_3_A,6836_3,Agricultural,b,arable field,c,b_c,NA,NA,NA,NA,NA,NA,NA,NA,NA,4,02.05.2019,15.05.2019,122,135,1285,13,"6,13","0,47",0,8040651786,7326357738,8269666667,8335833333,3698600829,5447045652,542
6836_3_A,6836_3,Agricultural,b,arable field,c,b_c,264,2,18,173,9,46,9,0,3,5,15.05.2019,27.05.2019,135,147,141,12,"19,9","1,658333333",0,1305279808,7704369231,8269666667,8335833333,3698600829,5447045652,542
6836_3_A,6836_3,Agricultural,b,arable field,c,b_c,NA,NA,NA,NA,NA,NA,NA,NA,NA,6,27.05.2019,13.06.2019,147,164,1555,17,"33,72","1,98",0,1809632407,7013190509,8269666667,8335833333,3698600829,5447045652,542
6836_3_A,6836_3,Agricultural,b,arable field,c,b_c,313,7,20,194,9,55,22,4,4,7,13.06.2019,26.06.2019,164,177,1705,13,"69,5","5,35",0,2134147917,7025788393,8269666667,8335833333,3698600829,5447045652,542
6836_3_A,6836_3,Agricultural,b,arable field,c,b_c,NA,NA,NA,NA,NA,NA,NA,NA,NA,8,26.06.2019,12.07.2019,177,193,185,16,"83,01","5,19",0,2055817402,5557630637,8269666667,8335833333,3698600829,5447045652,542
6836_3_A,6836_3,Agricultural,b,arable field,c,b_c,315,3,14,192,6,54,35,4,3,9,12.07.2019,29.07.2019,193,210,2015,17,"72,45","4,26",0,2122553472,6739463194,8269666667,8335833333,3698600829,5447045652,542
6836_3_A,6836_3,Agricultural,b,arable field,c,b_c,NA,NA,NA,NA,NA,NA,NA,NA,NA,10,29.07.2019,12.08.2019,210,224,217,14,"38,6","2,76",0,1916699722,7895622222,8269666667,8335833333,3698600829,5447045652,542
6836_3_F,6836_3,Agricultural,b,forest,a,b_a,NA,NA,NA,NA,NA,NA,NA,NA,NA,3,11.04.2019,02.05.2019,101,122,1115,21,26,"1,24",0,108437178,5770456818,8376666667,8273611111,3698131112,5448708225,570
6836_3_F,6836_3,Agricultural,b,forest,a,b_a,NA,NA,NA,NA,NA,NA,NA,NA,NA,4,02.05.2019,15.05.2019,122,135,1285,13,"8,36","0,64",0,7760083333,7566984821,8376666667,8273611111,3698131112,5448708225,570
6836_3_F,6836_3,Agricultural,b,forest,a,b_a,203,3,7,128,11,37,11,0,7,5,15.05.2019,27.05.2019,135,147,141,12,"20,03","1,669166667",0,1239432372,7990388141,8376666667,8273611111,3698131112,5448708225,570
6836_3_F,6836_3,Agricultural,b,forest,a,b_a,NA,NA,NA,NA,NA,NA,NA,NA,NA,6,27.05.2019,13.06.2019,147,164,1555,17,"47,75","2,81",0,1704492824,7118847454,8376666667,8273611111,3698131112,5448708225,570
6836_3_F,6836_3,Agricultural,b,forest,a,b_a,332,4,16,194,6,63,37,5,3,7,13.06.2019,26.06.2019,164,177,1705,13,"60,5","4,65",0,198739375,7447053869,8376666667,8273611111,3698131112,5448708225,570
6836_3_F,6836_3,Agricultural,b,forest,a,b_a,NA,NA,NA,NA,NA,NA,NA,NA,NA,8,26.06.2019,12.07.2019,177,193,185,16,"152,49","9,53",0,1980734069,5555229412,8376666667,8273611111,3698131112,5448708225,570
6836_3_F,6836_3,Agricultural,b,forest,a,b_a,524,13,20,328,13,87,54,11,3,9,12.07.2019,29.07.2019,193,210,2015,17,"95,63","5,63",0,2006571528,7031326157,8376666667,8273611111,3698131112,5448708225,570
6836_3_F,6836_3,Agricultural,b,forest,a,b_a,NA,NA,NA,NA,NA,NA,NA,NA,NA,10,29.07.2019,12.08.2019,210,224,217,14,"33,22","2,37",0,1828787778,82255,8376666667,8273611111,3698131112,5448708225,570
6836_3_G,6836_3,Agricultural,b,meadow,b,b_b,NA,NA,NA,NA,NA,NA,NA,NA,NA,3,11.04.2019,02.05.2019,101,122,1115,21,"18,57","0,88",0,1088826326,5799849432,8272,8301111111,3697298399,5447297976,565
6836_3_G,6836_3,Agricultural,b,meadow,b,b_b,NA,NA,NA,NA,NA,NA,NA,NA,NA,4,02.05.2019,15.05.2019,122,135,1285,13,"14,47","1,11",0,8373247024,7424828274,8272,8301111111,3697298399,5447297976,565
6836_3_G,6836_3,Agricultural,b,meadow,b,b_b,324,6,24,193,17,62,16,0,8,5,15.05.2019,27.05.2019,135,147,141,12,"15,33","1,2775",0,1271698077,796919391,8272,8301111111,3697298399,5447297976,565
6836_3_G,6836_3,Agricultural,b,meadow,b,b_b,NA,NA,NA,NA,NA,NA,NA,NA,NA,6,27.05.2019,13.06.2019,147,164,1555,17,"52,54","3,09",0,1762533565,718277963,8272,8301111111,3697298399,5447297976,565
6836_3_G,6836_3,Agricultural,b,meadow,b,b_b,351,10,21,188,5,87,32,8,7,7,13.06.2019,26.06.2019,164,177,1705,13,"61,6","4,74",0,2038117857,7420285417,8272,8301111111,3697298399,5447297976,565
6836_3_G,6836_3,Agricultural,b,meadow,b,b_b,NA,NA,NA,NA,NA,NA,NA,NA,NA,8,26.06.2019,12.07.2019,177,193,185,16,"90,61","5,66",0,2052115686,5823897304,8272,8301111111,3697298399,5447297976,565
6836_3_G,6836_3,Agricultural,b,meadow,b,b_b,436,8,30,219,19,96,43,9,8,9,12.07.2019,29.07.2019,193,210,2015,17,"79,56","4,68",0,2085652546,7110048611,8272,8301111111,3697298399,5447297976,565
6836_3_G,6836_3,Agricultural,b,meadow,b,b_b,NA,NA,NA,NA,NA,NA,NA,NA,NA,10,29.07.2019,12.08.2019,210,224,217,14,"15,95","1,14",0,1915814167,8146037778,8272,8301111111,3697298399,5447297976,565
6934_1_A,6934_1,Agricultural,b,arable field,c,b_c,NA,NA,NA,NA,NA,NA,NA,NA,NA,3,NA,NA,NA,NA,NA,NA,NA,NA,1,NA,NA,8341,8583611111,3674883356,5439011242,523
6934_1_A,6934_1,Agricultural,b,arable field,c,b_c,NA,NA,NA,NA,NA,NA,NA,NA,NA,4,02.05.2019,17.05.2019,122,137,1295,15,"15,21","1,01",2,NA,NA,8341,8583611111,3674883356,5439011242,523
6934_1_A,6934_1,Agricultural,b,arable field,c,b_c,178,1,11,122,4,29,8,0,1,5,17.05.2019,28.05.2019,137,148,1425,11,"32,35","2,940909091",2,NA,NA,8341,8583611111,3674883356,5439011242,523
6934_1_A,6934_1,Agricultural,b,arable field,c,b_c,NA,NA,NA,NA,NA,NA,NA,NA,NA,6,28.05.2019,13.06.2019,148,164,156,16,"61,72","3,86",2,NA,NA,8341,8583611111,3674883356,5439011242,523
6934_1_A,6934_1,Agricultural,b,arable field,c,b_c,333,6,17,181,9,87,28,7,2,7,13.06.2019,28.06.2019,164,179,1715,15,"76,6","5,11",2,NA,NA,8341,8583611111,3674883356,5439011242,523
6934_1_A,6934_1,Agricultural,b,arable field,c,b_c,NA,NA,NA,NA,NA,NA,NA,NA,NA,8,28.06.2019,15.07.2019,179,196,1875,17,"96,94","5,7",2,NA,NA,8341,8583611111,3674883356,5439011242,523
6934_1_A,6934_1,Agricultural,b,arable field,c,b_c,361,6,30,182,14,76,36,10,4,9,15.07.2019,31.07.2019,196,212,204,16,"86,9","5,43",2,NA,NA,8341,8583611111,3674883356,5439011242,523
6934_1_A,6934_1,Agricultural,b,arable field,c,b_c,NA,NA,NA,NA,NA,NA,NA,NA,NA,10,31.07.2019,13.08.2019,212,225,2185,13,"59,66","4,59",2,NA,NA,8341,8583611111,3674883356,5439011242,523
6934_1_F,6934_1,Agricultural,b,forest,a,b_a,NA,NA,NA,NA,NA,NA,NA,NA,NA,3,25.04.2019,02.05.2019,115,122,1185,7,"16,21","2,32",0,9891255208,749224375,6907333333,9151111111,3673024608,5437401296,506
6934_1_F,6934_1,Agricultural,b,forest,a,b_a,NA,NA,NA,NA,NA,NA,NA,NA,NA,4,02.05.2019,17.05.2019,122,137,1295,15,"27,43","1,83",0,8428229167,752536276,6907333333,9151111111,3673024608,5437401296,506
6934_1_F,6934_1,Agricultural,b,forest,a,b_a,339,6,15,228,8,59,24,0,3,5,17.05.2019,28.05.2019,137,148,1425,11,"31,06","2,823636364",0,1380749306,7893296528,6907333333,9151111111,3673024608,5437401296,506
6934_1_F,6934_1,Agricultural,b,forest,a,b_a,NA,NA,NA,NA,NA,NA,NA,NA,NA,6,28.05.2019,13.06.2019,148,164,156,16,"59,86","3,74",0,1760738235,6933496078,6907333333,9151111111,3673024608,5437401296,506
6934_1_F,6934_1,Agricultural,b,forest,a,b_a,297,13,15,158,9,57,48,3,4,7,13.06.2019,28.06.2019,164,179,1715,15,"97,7","6,51",0,2091847135,6984305469,6907333333,9151111111,3673024608,5437401296,506
6934_1_F,6934_1,Agricultural,b,forest,a,b_a,NA,NA,NA,NA,NA,NA,NA,NA,NA,8,28.06.2019,15.07.2019,179,196,1875,17,97,"5,71",0,1899783333,6116976157,6907333333,9151111111,3673024608,5437401296,506
6934_1_F,6934_1,Agricultural,b,forest,a,b_a,447,23,17,257,20,67,66,6,6,9,15.07.2019,31.07.2019,196,212,204,16,"70,98","4,44",0,2165802451,6659542892,6907333333,9151111111,3673024608,5437401296,506
6934_1_F,6934_1,Agricultural,b,forest,a,b_a,NA,NA,NA,NA,NA,NA,NA,NA,NA,10,31.07.2019,13.08.2019,212,225,2185,13,"24,01","1,85",0,1841329464,8142510417,6907333333,9151111111,3673024608,5437401296,506
6934_1_G,6934_1,Agricultural,b,meadow,b,b_b,NA,NA,NA,NA,NA,NA,NA,NA,NA,3,NA,NA,NA,NA,NA,NA,NA,NA,1,NA,NA,7946666667,8728055556,3673616426,5438781068,465
6934_1_G,6934_1,Agricultural,b,meadow,b,b_b,NA,NA,NA,NA,NA,NA,NA,NA,NA,4,02.05.2019,17.05.2019,122,137,1295,15,"17,84","1,19",0,8835416667,7616659896,7946666667,8728055556,3673616426,5438781068,465
6934_1_G,6934_1,Agricultural,b,meadow,b,b_b,382,19,33,202,10,88,38,1,7,5,17.05.2019,28.05.2019,137,148,1425,11,"60,98","5,543636364",0,1416662847,7925034028,7946666667,8728055556,3673616426,5438781068,465
6934_1_G,6934_1,Agricultural,b,meadow,b,b_b,NA,NA,NA,NA,NA,NA,NA,NA,NA,6,28.05.2019,13.06.2019,148,164,156,16,"60,09","3,76",0,1793314706,7167053676,7946666667,8728055556,3673616426,5438781068,465
6934_1_G,6934_1,Agricultural,b,meadow,b,b_b,455,20,41,211,22,85,79,7,6,7,13.06.2019,28.06.2019,164,179,1715,15,"100,5","6,7",0,2140416146,7238688542,7946666667,8728055556,3673616426,5438781068,465
6934_1_G,6934_1,Agricultural,b,meadow,b,b_b,NA,NA,NA,NA,NA,NA,NA,NA,NA,8,28.06.2019,15.07.2019,179,196,1875,17,"72,01","4,24",0,1865402546,6553025926,7946666667,8728055556,3673616426,5438781068,465
6934_1_G,6934_1,Agricultural,b,meadow,b,b_b,561,31,45,268,18,124,88,5,5,9,15.07.2019,31.07.2019,196,212,204,16,"56,38","3,52",0,2146935049,6927352206,7946666667,8728055556,3673616426,5438781068,465
6934_1_G,6934_1,Agricultural,b,meadow,b,b_b,NA,NA,NA,NA,NA,NA,NA,NA,NA,10,31.07.2019,13.08.2019,212,225,2185,13,"27,01","2,08",0,1867046131,8135159524,7946666667,8728055556,3673616426,5438781068,465
6938_4_A,6938_4,Urban,c,arable field,c,c_c,NA,NA,NA,NA,NA,NA,NA,NA,NA,3,18.04.2019,04.05.2019,108,124,116,16,"78,24","4,89",0,1174844853,6057977206,6539666667,9454444444,3727708668,5438832559,343
6938_4_A,6938_4,Urban,c,arable field,c,c_c,NA,NA,NA,NA,NA,NA,NA,NA,NA,4,04.05.2019,18.05.2019,124,138,131,14,"10,26","0,732857143",0,9259047222,6938262222,6539666667,9454444444,3727708668,5438832559,343
6938_4_A,6938_4,Urban,c,arable field,c,c_c,495,13,13,314,17,111,31,1,5,5,18.05.2019,05.06.2019,138,156,147,18,"34,6","1,922222222",0,1623294298,6982866228,6539666667,9454444444,3727708668,5438832559,343
6938_4_A,6938_4,Urban,c,arable field,c,c_c,NA,NA,NA,NA,NA,NA,NA,NA,NA,6,05.06.2019,20.06.2019,156,171,1635,15,"64,91","4,33",0,2019769531,6552920833,6539666667,9454444444,3727708668,5438832559,343
6938_4_A,6938_4,Urban,c,arable field,c,c_c,345,8,9,210,13,72,28,3,6,7,20.06.2019,07.07.2019,171,188,1795,17,"90,6","5,33",0,2164443287,6368846528,6539666667,9454444444,3727708668,5438832559,343
6938_4_A,6938_4,Urban,c,arable field,c,c_c,NA,NA,NA,NA,NA,NA,NA,NA,NA,8,07.07.2019,22.07.2019,188,203,1955,15,NA,NA,1,1870160417,6483207031,6539666667,9454444444,3727708668,5438832559,343
6938_4_A,6938_4,Urban,c,arable field,c,c_c,365,6,15,201,15,85,28,4,8,9,22.07.2019,01.08.2019,203,213,208,10,"33,57","3,36",0,2335194697,6407809848,6539666667,9454444444,3727708668,5438832559,343
6938_4_A,6938_4,Urban,c,arable field,c,c_c,NA,NA,NA,NA,NA,NA,NA,NA,NA,10,01.08.2019,14.08.2019,213,226,2195,13,"23,54","1,81",0,1967517857,7279506845,6539666667,9454444444,3727708668,5438832559,343
6938_4_G,6938_4,Urban,c,meadow,b,c_b,NA,NA,NA,NA,NA,NA,NA,NA,NA,3,18.04.2019,04.05.2019,108,124,116,16,"17,41","1,09",0,1306125245,619012402,6803,9281666667,3727315527,5438832011,363
6938_4_G,6938_4,Urban,c,meadow,b,c_b,NA,NA,NA,NA,NA,NA,NA,NA,NA,4,04.05.2019,18.05.2019,124,138,131,14,"5,46","0,39",0,9531727778,7431159444,6803,9281666667,3727315527,5438832011,363
6938_4_G,6938_4,Urban,c,meadow,b,c_b,366,11,27,201,22,78,28,0,5,5,18.05.2019,05.06.2019,138,156,147,18,"59,19","3,288333333",0,1699286623,7314829825,6803,9281666667,3727315527,5438832011,363
6938_4_G,6938_4,Urban,c,meadow,b,c_b,NA,NA,NA,NA,NA,NA,NA,NA,NA,6,05.06.2019,20.06.2019,156,171,1635,15,"65,58","4,37",0,2078117188,6758009115,6803,9281666667,3727315527,5438832011,363
6938_4_G,6938_4,Urban,c,meadow,b,c_b,433,16,23,230,11,110,50,4,2,7,20.06.2019,07.07.2019,171,188,1795,17,133,"7,82",0,2240464352,6411721296,6803,9281666667,3727315527,5438832011,363
6938_4_G,6938_4,Urban,c,meadow,b,c_b,NA,NA,NA,NA,NA,NA,NA,NA,NA,8,07.07.2019,22.07.2019,188,203,1955,15,NA,NA,1,1914114323,6813242708,6803,9281666667,3727315527,5438832011,363
6938_4_G,6938_4,Urban,c,meadow,b,c_b,363,13,15,188,10,87,41,7,8,9,22.07.2019,01.08.2019,203,213,208,10,"21,53","2,15",0,2376252652,6575145455,6803,9281666667,3727315527,5438832011,363
6938_4_G,6938_4,Urban,c,meadow,b,c_b,NA,NA,NA,NA,NA,NA,NA,NA,NA,10,01.08.2019,14.08.2019,213,226,2195,13,"25,45","1,96",0,1990069048,7599649107,6803,9281666667,3727315527,5438832011,363
6938_4_U,6938_4,Urban,c,settlement,d,c_d,NA,NA,NA,NA,NA,NA,NA,NA,NA,3,18.04.2019,04.05.2019,108,124,116,16,"30,79","1,92",0,1297375,5611533824,6999666667,93825,3726630,5434285509,365
6938_4_U,6938_4,Urban,c,settlement,d,c_d,NA,NA,NA,NA,NA,NA,NA,NA,NA,4,04.05.2019,18.05.2019,124,138,131,14,"18,15","1,296428571",0,9625175,6694607222,6999666667,93825,3726630,5434285509,365
6938_4_U,6938_4,Urban,c,settlement,d,c_d,493,14,26,313,22,88,31,3,8,5,18.05.2019,05.06.2019,138,156,147,18,"25,92","1,44",0,1689039912,6676032018,6999666667,93825,3726630,5434285509,365
6938_4_U,6938_4,Urban,c,settlement,d,c_d,NA,NA,NA,NA,NA,NA,NA,NA,NA,6,05.06.2019,20.06.2019,156,171,1635,15,"45,37","3,02",0,2059795313,6214911719,6999666667,93825,3726630,5434285509,365
6938_4_U,6938_4,Urban,c,settlement,d,c_d,387,13,13,243,22,60,33,2,8,7,20.06.2019,07.07.2019,171,188,1795,17,92,"5,41",0,2238017361,5814312037,6999666667,93825,3726630,5434285509,365
6938_4_U,6938_4,Urban,c,settlement,d,c_d,NA,NA,NA,NA,NA,NA,NA,NA,NA,8,07.07.2019,22.07.2019,188,203,1955,15,NA,NA,1,1929211719,6152224219,6999666667,93825,3726630,5434285509,365
6938_4_U,6938_4,Urban,c,settlement,d,c_d,454,14,15,250,19,109,41,2,8,9,22.07.2019,01.08.2019,203,213,208,10,"44,06","4,41",0,2356270833,6161468939,6999666667,93825,3726630,5434285509,365
6938_4_U,6938_4,Urban,c,settlement,d,c_d,NA,NA,NA,NA,NA,NA,NA,NA,NA,10,01.08.2019,14.08.2019,213,226,2195,13,"30,23","2,33",0,1959612798,7209208631,6999666667,93825,3726630,5434285509,365
6945_2_F,6945_2,Semi-natural,a,forest,a,a_a,NA,NA,NA,NA,NA,NA,NA,NA,NA,3,NA,NA,NA,NA,NA,NA,NA,NA,1,NA,NA,1401833333,4966944444,3814480953,5447639866,1122
6945_2_F,6945_2,Semi-natural,a,forest,a,a_a,NA,NA,NA,NA,NA,NA,NA,NA,NA,4,02.05.2019,17.05.2019,122,137,1295,15,"0,66","0,044",0,4142611979,8495118229,1401833333,4966944444,3814480953,5447639866,1122
6945_2_F,6945_2,Semi-natural,a,forest,a,a_a,164,2,7,119,3,24,7,1,3,5,17.05.2019,31.05.2019,137,151,144,14,"15,77","1,126428571",0,9841769444,8437181667,1401833333,4966944444,3814480953,5447639866,1122
6945_2_F,6945_2,Semi-natural,a,forest,a,a_a,NA,NA,NA,NA,NA,NA,NA,NA,NA,6,31.05.2019,13.06.2019,151,164,1575,13,"63,44","4,88",0,164461131,6980111905,1401833333,4966944444,3814480953,5447639866,1122
6945_2_F,6945_2,Semi-natural,a,forest,a,a_a,356,4,24,202,13,83,29,1,3,7,13.06.2019,27.06.2019,164,178,171,14,"65,4","4,67",0,1771296944,7458922778,1401833333,4966944444,3814480953,5447639866,1122
6945_2_F,6945_2,Semi-natural,a,forest,a,a_a,NA,NA,NA,NA,NA,NA,NA,NA,NA,8,27.06.2019,14.07.2019,178,195,1865,17,"55,12","3,24",0,1544300463,6410858102,1401833333,4966944444,3814480953,5447639866,1122
6945_2_F,6945_2,Semi-natural,a,forest,a,a_a,457,10,12,259,25,107,35,6,7,9,14.07.2019,31.07.2019,195,212,2035,17,"54,06","3,18",0,1732421528,7411503935,1401833333,4966944444,3814480953,5447639866,1122
6945_2_F,6945_2,Semi-natural,a,forest,a,a_a,NA,NA,NA,NA,NA,NA,NA,NA,NA,10,31.07.2019,15.08.2019,212,227,2195,15,"19,48","1,3",0,1447847396,8729257813,1401833333,4966944444,3814480953,5447639866,1122
6945_2_G,6945_2,Semi-natural,a,meadow,b,a_b,NA,NA,NA,NA,NA,NA,NA,NA,NA,3,NA,NA,NA,NA,NA,NA,NA,NA,1,NA,NA,11533,7490277778,3812201268,5444177255,656
6945_2_G,6945_2,Semi-natural,a,meadow,b,a_b,NA,NA,NA,NA,NA,NA,NA,NA,NA,4,02.05.2019,17.05.2019,122,137,1295,15,"24,25","1,616666667",0,6878984375,8137666927,11533,7490277778,3812201268,5444177255,656
6945_2_G,6945_2,Semi-natural,a,meadow,b,a_b,264,4,12,202,4,27,9,1,6,5,17.05.2019,31.05.2019,137,151,144,14,"56,32","4,022857143",0,1210936667,8411054722,11533,7490277778,3812201268,5444177255,656
6945_2_G,6945_2,Semi-natural,a,meadow,b,a_b,NA,NA,NA,NA,NA,NA,NA,NA,NA,6,31.05.2019,13.06.2019,151,164,1575,13,"90,3","6,95",0,180233869,737031875,11533,7490277778,3812201268,5444177255,656
6945_2_G,6945_2,Semi-natural,a,meadow,b,a_b,490,13,22,319,15,69,37,5,14,7,13.06.2019,27.06.2019,164,178,171,14,"84,5","6,04",0,196897,7619643889,11533,7490277778,3812201268,5444177255,656
6945_2_G,6945_2,Semi-natural,a,meadow,b,a_b,NA,NA,NA,NA,NA,NA,NA,NA,NA,8,27.06.2019,14.07.2019,178,195,1865,17,"49,07","2,89",0,1746361806,6556221528,11533,7490277778,3812201268,5444177255,656
6945_2_G,6945_2,Semi-natural,a,meadow,b,a_b,569,8,22,324,19,140,29,8,15,9,14.07.2019,31.07.2019,195,212,2035,17,"34,63","2,04",0,1884637037,7740814583,11533,7490277778,3812201268,5444177255,656
6945_2_G,6945_2,Semi-natural,a,meadow,b,a_b,NA,NA,NA,NA,NA,NA,NA,NA,NA,10,31.07.2019,15.08.2019,212,227,2195,15,"21,61","1,44",0,1651472396,8671361458,11533,7490277778,3812201268,5444177255,656
6945_2_N,6945_2,Semi-natural,a,forest,a,a_a,NA,NA,NA,NA,NA,NA,NA,NA,NA,3,NA,NA,NA,NA,NA,NA,NA,NA,1,NA,NA,1349033333,6330277778,3815491005,5444842071,932
6945_2_N,6945_2,Semi-natural,a,forest,a,a_a,NA,NA,NA,NA,NA,NA,NA,NA,NA,4,02.05.2019,17.05.2019,122,137,1295,15,"2,48","0,165333333",0,6018955729,8077626042,1349033333,6330277778,3815491005,5444842071,932
6945_2_N,6945_2,Semi-natural,a,forest,a,a_a,299,5,23,201,6,47,9,0,10,5,17.05.2019,31.05.2019,137,151,144,14,"16,53","1,180714286",0,11758775,8016711111,1349033333,6330277778,3815491005,5444842071,932
6945_2_N,6945_2,Semi-natural,a,forest,a,a_a,NA,NA,NA,NA,NA,NA,NA,NA,NA,6,31.05.2019,13.06.2019,151,164,1575,13,"40,02","3,08",0,1884920536,6259760714,1349033333,6330277778,3815491005,5444842071,932
6945_2_N,6945_2,Semi-natural,a,forest,a,a_a,493,11,44,296,13,99,25,4,5,7,13.06.2019,27.06.2019,164,178,171,14,"50,4","3,6",0,2031385,6713487778,1349033333,6330277778,3815491005,5444842071,932
6945_2_N,6945_2,Semi-natural,a,forest,a,a_a,NA,NA,NA,NA,NA,NA,NA,NA,NA,8,27.06.2019,14.07.2019,178,195,1865,17,"26,65","1,57",0,1773131019,5851506713,1349033333,6330277778,3815491005,5444842071,932
6945_2_N,6945_2,Semi-natural,a,forest,a,a_a,515,11,16,351,17,93,22,2,8,9,14.07.2019,31.07.2019,195,212,2035,17,"44,04","2,59",0,1960336806,6878563194,1349033333,6330277778,3815491005,5444842071,932
6945_2_N,6945_2,Semi-natural,a,forest,a,a_a,NA,NA,NA,NA,NA,NA,NA,NA,NA,10,31.07.2019,15.08.2019,212,227,2195,15,"28,23","1,88",0,1666177604,8100379167,1349033333,6330277778,3815491005,5444842071,932
7036_4_A,7036_4,Semi-natural,a,arable field,c,a_c,NA,NA,NA,NA,NA,NA,NA,NA,NA,3,10.04.2019,02.05.2019,100,122,111,22,"39,52","1,8",0,1220506522,620284529,7585,8981944444,3705997369,5426857545,462
7036_4_A,7036_4,Semi-natural,a,arable field,c,a_c,NA,NA,NA,NA,NA,NA,NA,NA,NA,4,02.05.2019,15.05.2019,122,135,1285,13,"9,28","0,71",0,8259443452,7513258036,7585,8981944444,3705997369,5426857545,462
7036_4_A,7036_4,Semi-natural,a,arable field,c,a_c,272,5,21,183,9,41,10,2,4,5,15.05.2019,28.05.2019,135,148,1415,13,"33,02","2,54",0,1266125298,7897068452,7585,8981944444,3705997369,5426857545,462
7036_4_A,7036_4,Semi-natural,a,arable field,c,a_c,NA,NA,NA,NA,NA,NA,NA,NA,NA,6,28.05.2019,12.06.2019,148,163,1555,15,"46,28","3,09",0,1739040625,7173116927,7585,8981944444,3705997369,5426857545,462
7036_4_A,7036_4,Semi-natural,a,arable field,c,a_c,264,5,8,176,11,39,14,4,6,7,12.06.2019,26.06.2019,163,177,170,14,"90,8","6,49",0,2097731944,8034623611,7585,8981944444,3705997369,5426857545,462
7036_4_A,7036_4,Semi-natural,a,arable field,c,a_c,NA,NA,NA,NA,NA,NA,NA,NA,NA,8,26.06.2019,12.07.2019,177,193,185,16,"107,41","6,71",0,2075745833,7453033824,7585,8981944444,3705997369,5426857545,462
7036_4_A,7036_4,Semi-natural,a,arable field,c,a_c,338,11,16,213,18,47,28,7,3,9,12.07.2019,29.07.2019,193,210,2015,17,"78,79","4,63",0,218110162,7782746991,7585,8981944444,3705997369,5426857545,462
7036_4_A,7036_4,Semi-natural,a,arable field,c,a_c,NA,NA,NA,NA,NA,NA,NA,NA,NA,10,29.07.2019,12.08.2019,210,224,217,14,"44,4","3,17",0,2025983333,8602970833,7585,8981944444,3705997369,5426857545,462
7036_4_F,7036_4,Semi-natural,a,forest,a,a_a,NA,NA,NA,NA,NA,NA,NA,NA,NA,3,10.04.2019,02.05.2019,100,122,111,22,"20,15","0,92",0,1125018116,563266721,7736,8923611111,370408038,5426614302,511
7036_4_F,7036_4,Semi-natural,a,forest,a,a_a,NA,NA,NA,NA,NA,NA,NA,NA,NA,4,02.05.2019,15.05.2019,122,135,1285,13,"6,6","0,51",0,8267107143,747942619,7736,8923611111,370408038,5426614302,511
7036_4_F,7036_4,Semi-natural,a,forest,a,a_a,271,3,15,159,7,76,10,0,3,5,15.05.2019,28.05.2019,135,148,1415,13,"13,89","1,068461538",0,1289570536,7841530655,7736,8923611111,370408038,5426614302,511
7036_4_F,7036_4,Semi-natural,a,forest,a,a_a,NA,NA,NA,NA,NA,NA,NA,NA,NA,6,28.05.2019,12.06.2019,148,163,1555,15,"41,2","2,75",0,1789857292,6905497396,7736,8923611111,370408038,5426614302,511
7036_4_F,7036_4,Semi-natural,a,forest,a,a_a,478,14,22,273,17,103,48,3,6,7,12.06.2019,26.06.2019,163,177,170,14,"86,7","6,19",0,2079819444,7240234444,7736,8923611111,370408038,5426614302,511
7036_4_F,7036_4,Semi-natural,a,forest,a,a_a,NA,NA,NA,NA,NA,NA,NA,NA,NA,8,26.06.2019,12.07.2019,177,193,185,16,"92,73","5,8",0,2019168382,5919560294,7736,8923611111,370408038,5426614302,511
7036_4_F,7036_4,Semi-natural,a,forest,a,a_a,481,14,23,293,13,101,35,5,5,9,12.07.2019,29.07.2019,193,210,2015,17,"85,89","5,05",0,2095975926,6812917593,7736,8923611111,370408038,5426614302,511
7036_4_F,7036_4,Semi-natural,a,forest,a,a_a,NA,NA,NA,NA,NA,NA,NA,NA,NA,10,29.07.2019,12.08.2019,210,224,217,14,"31,72","2,27",0,1892263611,8108269444,7736,8923611111,370408038,5426614302,511
7036_4_G,7036_4,Semi-natural,a,meadow,b,a_b,NA,NA,NA,NA,NA,NA,NA,NA,NA,3,10.04.2019,02.05.2019,100,122,111,22,"23,48","1,07",0,1039448007,6007977717,7583666667,8984166667,370166725,5423968876,464
7036_4_G,7036_4,Semi-natural,a,meadow,b,a_b,NA,NA,NA,NA,NA,NA,NA,NA,NA,4,02.05.2019,15.05.2019,122,135,1285,13,"14,78","1,14",0,8024193452,7402905655,7583666667,8984166667,370166725,5423968876,464
7036_4_G,7036_4,Semi-natural,a,meadow,b,a_b,364,7,22,212,9,76,36,0,6,5,15.05.2019,28.05.2019,135,148,1415,13,"26,3","2,023076923",0,1258916369,7874304464,7583666667,8984166667,370166725,5423968876,464
7036_4_G,7036_4,Semi-natural,a,meadow,b,a_b,NA,NA,NA,NA,NA,NA,NA,NA,NA,6,28.05.2019,12.06.2019,148,163,1555,15,"24,74","1,65",0,1733005469,7147173698,7583666667,8984166667,370166725,5423968876,464
7036_4_G,7036_4,Semi-natural,a,meadow,b,a_b,531,11,26,261,29,125,58,10,11,7,12.06.2019,26.06.2019,163,177,170,14,"33,8","2,41",0,2006977222,7486485833,7583666667,8984166667,370166725,5423968876,464
7036_4_G,7036_4,Semi-natural,a,meadow,b,a_b,NA,NA,NA,NA,NA,NA,NA,NA,NA,8,26.06.2019,12.07.2019,177,193,185,16,"29,24","1,83",0,1960604657,6187579167,7583666667,8984166667,370166725,5423968876,464
7036_4_G,7036_4,Semi-natural,a,meadow,b,a_b,321,4,22,173,15,63,31,5,8,9,12.07.2019,29.07.2019,193,210,2015,17,"31,36","1,84",0,2021277546,7161686343,7583666667,8984166667,370166725,5423968876,464
7036_4_G,7036_4,Semi-natural,a,meadow,b,a_b,NA,NA,NA,NA,NA,NA,NA,NA,NA,10,29.07.2019,12.08.2019,210,224,217,14,"14,28","1,02",0,1852231667,8279046944,7583666667,8984166667,370166725,5423968876,464
7143_4_F,7143_4,Urban,c,meadow,b,c_b,NA,NA,NA,NA,NA,NA,NA,NA,NA,3,NA,NA,NA,NA,NA,NA,NA,NA,1,NA,NA,9603,8765,3788941052,5418840311,373
7143_4_F,7143_4,Urban,c,meadow,b,c_b,NA,NA,NA,NA,NA,NA,NA,NA,NA,4,01.05.2019,17.05.2019,121,137,129,16,"4,6","0,2875",0,9523426471,7303741667,9603,8765,3788941052,5418840311,373
7143_4_F,7143_4,Urban,c,meadow,b,c_b,432,4,18,285,24,75,19,0,5,5,17.05.2019,31.05.2019,137,151,144,14,"15,75","1,125",0,1445507778,7770650278,9603,8765,3788941052,5418840311,373
7143_4_F,7143_4,Urban,c,meadow,b,c_b,NA,NA,NA,NA,NA,NA,NA,NA,NA,6,31.05.2019,13.06.2019,151,164,1575,13,"17,21","1,32",0,2010533333,6712690179,9603,8765,3788941052,5418840311,373
7143_4_F,7143_4,Urban,c,meadow,b,c_b,445,12,23,249,25,93,35,8,7,7,13.06.2019,27.06.2019,164,178,171,14,"31,6","2,26",0,2236846111,6886596667,9603,8765,3788941052,5418840311,373
7143_4_F,7143_4,Urban,c,meadow,b,c_b,NA,NA,NA,NA,NA,NA,NA,NA,NA,8,27.06.2019,14.07.2019,178,195,1865,17,"28,89","1,7",0,1968082407,6397797454,9603,8765,3788941052,5418840311,373
7143_4_F,7143_4,Urban,c,meadow,b,c_b,264,12,13,129,20,49,30,10,8,9,14.07.2019,31.07.2019,195,212,2035,17,"29,7","1,75",0,2134401389,7259754398,9603,8765,3788941052,5418840311,373
7143_4_F,7143_4,Urban,c,meadow,b,c_b,NA,NA,NA,NA,NA,NA,NA,NA,NA,10,31.07.2019,15.08.2019,212,227,2195,15,"11,74","0,78",0,1881769271,8205476302,9603,8765,3788941052,5418840311,373
7143_4_G,7143_4,Urban,c,meadow,b,c_b,NA,NA,NA,NA,NA,NA,NA,NA,NA,3,15.04.2019,01.05.2019,105,121,113,16,"19,64","1,23",0,1367441912,5734023039,9056,9134444444,3790982063,5415712235,310
7143_4_G,7143_4,Urban,c,meadow,b,c_b,NA,NA,NA,NA,NA,NA,NA,NA,NA,4,01.05.2019,17.05.2019,121,137,129,16,"17,21","1,075625",0,995675,7635529167,9056,9134444444,3790982063,5415712235,310
7143_4_G,7143_4,Urban,c,meadow,b,c_b,378,4,14,234,9,79,27,2,7,5,17.05.2019,31.05.2019,137,151,144,14,"33,68","2,405714286",0,1580979167,8237436389,9056,9134444444,3790982063,5415712235,310
7143_4_G,7143_4,Urban,c,meadow,b,c_b,NA,NA,NA,NA,NA,NA,NA,NA,NA,6,31.05.2019,13.06.2019,151,164,1575,13,"55,46","4,27",0,2361822024,8140595536,9056,9134444444,3790982063,5415712235,310
7143_4_G,7143_4,Urban,c,meadow,b,c_b,507,12,27,293,19,107,38,8,6,7,13.06.2019,27.06.2019,164,178,171,14,"46,3","3,31",0,255196,9038575278,9056,9134444444,3790982063,5415712235,310
7143_4_G,7143_4,Urban,c,meadow,b,c_b,NA,NA,NA,NA,NA,NA,NA,NA,NA,8,27.06.2019,14.07.2019,178,195,1865,17,"15,84","0,93",0,2014893056,7272096759,9056,9134444444,3790982063,5415712235,310
7143_4_G,7143_4,Urban,c,meadow,b,c_b,420,14,20,256,17,73,32,8,5,9,14.07.2019,31.07.2019,195,212,2035,17,"44,43","2,61",0,2222796296,7827340741,9056,9134444444,3790982063,5415712235,310
7143_4_G,7143_4,Urban,c,meadow,b,c_b,NA,NA,NA,NA,NA,NA,NA,NA,NA,10,31.07.2019,15.08.2019,212,227,2195,15,"42,04","2,8",0,1977526563,8448310677,9056,9134444444,3790982063,5415712235,310
7143_4_U,7143_4,Urban,c,settlement,d,c_d,NA,NA,NA,NA,NA,NA,NA,NA,NA,3,15.04.2019,01.05.2019,105,121,113,16,"16,5","1,03",0,1489171078,521407549,949,8939166667,3791188642,5418996434,377
7143_4_U,7143_4,Urban,c,settlement,d,c_d,NA,NA,NA,NA,NA,NA,NA,NA,NA,4,01.05.2019,17.05.2019,121,137,129,16,"5,54","0,34625",0,1043421569,7416364216,949,8939166667,3791188642,5418996434,377
7143_4_U,7143_4,Urban,c,settlement,d,c_d,433,3,16,261,21,87,24,0,18,5,17.05.2019,31.05.2019,137,151,144,14,"19,35","1,382142857",0,1653438889,7460109722,949,8939166667,3791188642,5418996434,377
7143_4_U,7143_4,Urban,c,settlement,d,c_d,NA,NA,NA,NA,NA,NA,NA,NA,NA,6,31.05.2019,13.06.2019,151,164,1575,13,"53,95","4,15",0,2321574702,6238358631,949,8939166667,3791188642,5418996434,377
7143_4_U,7143_4,Urban,c,settlement,d,c_d,665,13,39,372,31,153,45,5,9,7,13.06.2019,27.06.2019,164,178,171,14,"71,6","5,11",0,2541613611,6223393056,949,8939166667,3791188642,5418996434,377
7143_4_U,7143_4,Urban,c,settlement,d,c_d,NA,NA,NA,NA,NA,NA,NA,NA,NA,8,27.06.2019,14.07.2019,178,195,1865,17,"63,12","3,71",0,220673287,6029145602,949,8939166667,3791188642,5418996434,377
7143_4_U,7143_4,Urban,c,settlement,d,c_d,470,10,27,235,10,146,28,7,8,9,14.07.2019,31.07.2019,195,212,2035,17,"47,11","2,77",0,2342284722,6760501852,949,8939166667,3791188642,5418996434,377
7143_4_U,7143_4,Urban,c,settlement,d,c_d,NA,NA,NA,NA,NA,NA,NA,NA,NA,10,31.07.2019,15.08.2019,212,227,2195,15,"17,92","1,19",0,2004338281,8536059896,949,8939166667,3791188642,5418996434,377
7147_1_F,7147_1,Semi-natural,a,forest,a,a_a,NA,NA,NA,NA,NA,NA,NA,NA,NA,3,10.04.2019,02.05.2019,100,122,111,22,"14,98","0,68",0,1017735688,6710948007,1195666667,6983888889,3833733635,5425867514,829
7147_1_F,7147_1,Semi-natural,a,forest,a,a_a,NA,NA,NA,NA,NA,NA,NA,NA,NA,4,02.05.2019,17.05.2019,122,137,1295,15,"1,85","0,123333333",0,6639356771,8229746354,1195666667,6983888889,3833733635,5425867514,829
7147_1_F,7147_1,Semi-natural,a,forest,a,a_a,353,2,26,214,11,79,9,0,10,5,17.05.2019,28.05.2019,137,148,1425,11,"15,7","1,427272727",0,1223554514,8502642014,1195666667,6983888889,3833733635,5425867514,829
7147_1_F,7147_1,Semi-natural,a,forest,a,a_a,NA,NA,NA,NA,NA,NA,NA,NA,NA,6,28.05.2019,11.06.2019,148,162,155,14,"34,99","2,5",0,1618737222,7882918056,1195666667,6983888889,3833733635,5425867514,829
7147_1_F,7147_1,Semi-natural,a,forest,a,a_a,457,7,26,273,12,96,32,1,11,7,11.06.2019,25.06.2019,162,176,169,14,"105,1","7,51",0,1946185556,7694281111,1195666667,6983888889,3833733635,5425867514,829
7147_1_F,7147_1,Semi-natural,a,forest,a,a_a,NA,NA,NA,NA,NA,NA,NA,NA,NA,8,25.06.2029,12.07.2019,176,193,1845,17,"124,93","7,35",2,NA,NA,1195666667,6983888889,3833733635,5425867514,829
7147_1_F,7147_1,Semi-natural,a,forest,a,a_a,508,11,16,294,3,150,29,3,6,9,12.07.2019,29.07.2019,193,210,2015,17,"72,23","4,25",0,1850093981,7813082176,1195666667,6983888889,3833733635,5425867514,829
7147_1_F,7147_1,Semi-natural,a,forest,a,a_a,NA,NA,NA,NA,NA,NA,NA,NA,NA,10,29.07.2019,13.08.2019,210,225,2175,15,"34,43","2,3",0,170191224,8959776042,1195666667,6983888889,3833733635,5425867514,829
7147_1_G,7147_1,Semi-natural,a,meadow,b,a_b,NA,NA,NA,NA,NA,NA,NA,NA,NA,3,10.04.2019,02.05.2019,100,122,111,22,"23,21","1,06",0,8731362319,6642989312,10884,7415277778,3833509926,5423691865,679
7147_1_G,7147_1,Semi-natural,a,meadow,b,a_b,NA,NA,NA,NA,NA,NA,NA,NA,NA,4,02.05.2019,17.05.2019,122,137,1295,15,"4,42","0,294666667",0,6685257813,8036229688,10884,7415277778,3833509926,5423691865,679
7147_1_G,7147_1,Semi-natural,a,meadow,b,a_b,327,6,16,232,9,53,3,1,12,5,17.05.2019,28.05.2019,137,148,1425,11,"13,34","1,212727273",0,1236463194,8273936806,10884,7415277778,3833509926,5423691865,679
7147_1_G,7147_1,Semi-natural,a,meadow,b,a_b,NA,NA,NA,NA,NA,NA,NA,NA,NA,6,28.05.2019,11.06.2019,148,162,155,14,"34,62","2,47",0,1637116389,7628509722,10884,7415277778,3833509926,5423691865,679
7147_1_G,7147_1,Semi-natural,a,meadow,b,a_b,489,9,24,344,11,62,31,3,11,7,11.06.2019,25.06.2019,162,176,169,14,"80,3","5,74",0,1970462222,7495106111,10884,7415277778,3833509926,5423691865,679
7147_1_G,7147_1,Semi-natural,a,meadow,b,a_b,NA,NA,NA,NA,NA,NA,NA,NA,NA,8,25.06.2019,12.07.2019,176,193,1845,17,"98,88","5,82",0,1855727546,6514614583,10884,7415277778,3833509926,5423691865,679
7147_1_G,7147_1,Semi-natural,a,meadow,b,a_b,502,8,11,316,11,111,31,6,10,9,12.07.2019,29.07.2019,193,210,2015,17,"46,66","2,74",0,1864462037,7725437269,10884,7415277778,3833509926,5423691865,679
7147_1_G,7147_1,Semi-natural,a,meadow,b,a_b,NA,NA,NA,NA,NA,NA,NA,NA,NA,10,29.07.2019,13.08.2019,210,225,2175,15,"12,6","0,84",0,1736031771,8682402604,10884,7415277778,3833509926,5423691865,679
7147_1_N,7147_1,Semi-natural,a,forest,a,a_a,NA,NA,NA,NA,NA,NA,NA,NA,NA,3,10.04.2019,02.05.2019,100,122,111,22,"5,83","0,27",2,NA,NA,1181066667,7083611111,3834634926,542695045,858
7147_1_N,7147_1,Semi-natural,a,forest,a,a_a,NA,NA,NA,NA,NA,NA,NA,NA,NA,4,02.05.2019,17.05.2019,122,137,1295,15,"3,27","0,218",2,NA,NA,1181066667,7083611111,3834634926,542695045,858
7147_1_N,7147_1,Semi-natural,a,forest,a,a_a,333,3,26,221,5,51,12,1,14,5,17.05.2019,28.05.2019,137,148,1425,11,"20,28","1,843636364",2,NA,NA,1181066667,7083611111,3834634926,542695045,858
7147_1_N,7147_1,Semi-natural,a,forest,a,a_a,NA,NA,NA,NA,NA,NA,NA,NA,NA,6,28.05.2019,11.06.2019,148,162,155,14,"52,73","3,77",2,NA,NA,1181066667,7083611111,3834634926,542695045,858
7147_1_N,7147_1,Semi-natural,a,forest,a,a_a,539,13,37,334,7,119,29,2,8,7,11.06.2019,25.06.2019,162,176,169,14,"142,6","10,19",2,NA,NA,1181066667,7083611111,3834634926,542695045,858
7147_1_N,7147_1,Semi-natural,a,forest,a,a_a,NA,NA,NA,NA,NA,NA,NA,NA,NA,8,25.06.2019,12.07.2019,176,193,1845,17,"152,22","8,95",2,NA,NA,1181066667,7083611111,3834634926,542695045,858
7147_1_N,7147_1,Semi-natural,a,forest,a,a_a,516,12,22,274,7,172,25,1,5,9,12.07.2019,29.07.2019,193,210,2015,17,"86,98","5,12",2,NA,NA,1181066667,7083611111,3834634926,542695045,858
7147_1_N,7147_1,Semi-natural,a,forest,a,a_a,NA,NA,NA,NA,NA,NA,NA,NA,NA,10,29.07.2019,13.08.2019,210,225,2175,15,"46,59","3,11",2,NA,NA,1181066667,7083611111,3834634926,542695045,858
7246_1_A,7246_1,Semi-natural,a,arable field,c,a_c,NA,NA,NA,NA,NA,NA,NA,NA,NA,3,10.04.2019,30.04.2019,100,120,110,20,"17,57","0,88",0,1071260119,5970135317,1001566667,8477222222,3822442047,5414710287,453
7246_1_A,7246_1,Semi-natural,a,arable field,c,a_c,NA,NA,NA,NA,NA,NA,NA,NA,NA,4,30.04.2019,17.05.2019,120,137,1285,17,"6,87","0,404117647",0,10598875,9762317593,1001566667,8477222222,3822442047,5414710287,453
7246_1_A,7246_1,Semi-natural,a,arable field,c,a_c,285,2,15,196,11,49,5,0,6,5,17.05.2019,28.05.2019,137,148,1425,11,"14,5","1,318181818",0,1424476042,8244611111,1001566667,8477222222,3822442047,5414710287,453
7246_1_A,7246_1,Semi-natural,a,arable field,c,a_c,NA,NA,NA,NA,NA,NA,NA,NA,NA,6,28.05.2019,11.06.2019,148,162,155,14,"30,43","2,17",0,1819774167,7649936944,1001566667,8477222222,3822442047,5414710287,453
7246_1_A,7246_1,Semi-natural,a,arable field,c,a_c,507,2,19,336,20,89,24,5,8,7,11.06.2019,25.06.2019,162,176,169,14,"74,4","5,31",0,2144578333,7561198889,1001566667,8477222222,3822442047,5414710287,453
7246_1_A,7246_1,Semi-natural,a,arable field,c,a_c,NA,NA,NA,NA,NA,NA,NA,NA,NA,8,25.06.2019,12.07.2019,176,193,1845,17,"63,41","3,73",0,2029775926,7691675463,1001566667,8477222222,3822442047,5414710287,453
7246_1_A,7246_1,Semi-natural,a,arable field,c,a_c,304,6,13,179,8,57,24,9,4,9,12.07.2019,29.07.2019,193,210,2015,17,"65,78","3,87",0,2035072454,8288965509,1001566667,8477222222,3822442047,5414710287,453
7246_1_A,7246_1,Semi-natural,a,arable field,c,a_c,NA,NA,NA,NA,NA,NA,NA,NA,NA,10,29.07.2019,13.08.2019,210,225,2175,15,"35,8","2,39",0,1919359375,841463125,1001566667,8477222222,3822442047,5414710287,453
7246_1_F,7246_1,Semi-natural,a,forest,a,a_a,NA,NA,NA,NA,NA,NA,NA,NA,NA,3,10.04.2019,01.05.2019,100,121,1105,21,"20,71","0,99",0,1074055682,5839678409,10855,7988888889,3820672205,5413716952,536
7246_1_F,7246_1,Semi-natural,a,forest,a,a_a,NA,NA,NA,NA,NA,NA,NA,NA,NA,4,01.05.2019,17.05.2019,121,137,129,16,"11,07","0,691875",0,8509730392,7989875245,10855,7988888889,3820672205,5413716952,536
7246_1_F,7246_1,Semi-natural,a,forest,a,a_a,455,2,19,277,10,120,18,0,8,5,17.05.2019,28.05.2019,137,148,1425,11,"38,72","3,52",0,1373798264,809338125,10855,7988888889,3820672205,5413716952,536
7246_1_F,7246_1,Semi-natural,a,forest,a,a_a,NA,NA,NA,NA,NA,NA,NA,NA,NA,6,28.05.2019,11.06.2019,148,162,155,14,"61,83","4,42",0,1750253889,75469475,10855,7988888889,3820672205,5413716952,536
7246_1_F,7246_1,Semi-natural,a,forest,a,a_a,701,21,39,380,20,184,52,6,10,7,11.06.2019,25.06.2019,162,176,169,14,"78,4","5,6",0,2043291944,7541094722,10855,7988888889,3820672205,5413716952,536
7246_1_F,7246_1,Semi-natural,a,forest,a,a_a,NA,NA,NA,NA,NA,NA,NA,NA,NA,8,25.06.2019,12.07.2019,176,193,1845,17,"85,91","5,05",0,1958262963,6527861343,10855,7988888889,3820672205,5413716952,536
7246_1_F,7246_1,Semi-natural,a,forest,a,a_a,484,15,22,259,15,139,27,9,6,9,12.07.2019,29.07.2019,193,210,2015,17,"69,25","4,07",0,1981254861,7539996065,10855,7988888889,3820672205,5413716952,536
7246_1_F,7246_1,Semi-natural,a,forest,a,a_a,NA,NA,NA,NA,NA,NA,NA,NA,NA,10,29.07.2019,13.08.2019,210,225,2175,15,"47,24","3,15",0,1846403385,8580780208,10855,7988888889,3820672205,5413716952,536
7246_1_G,7246_1,Semi-natural,a,meadow,b,a_b,NA,NA,NA,NA,NA,NA,NA,NA,NA,3,10.04.2019,01.05.2019,100,121,1105,21,"39,04","1,86",0,1045769129,6167327462,10583,8223888889,3822908406,5412415755,437
7246_1_G,7246_1,Semi-natural,a,meadow,b,a_b,NA,NA,NA,NA,NA,NA,NA,NA,NA,4,01.05.2019,17.05.2019,121,137,129,16,"19,1","1,19375",0,868732598,7954720833,10583,8223888889,3822908406,5412415755,437
7246_1_G,7246_1,Semi-natural,a,meadow,b,a_b,525,8,23,334,18,101,32,2,8,5,17.05.2019,28.05.2019,137,148,1425,11,"39,12","3,556363636",0,1390269792,8081310069,10583,8223888889,3822908406,5412415755,437
7246_1_G,7246_1,Semi-natural,a,meadow,b,a_b,NA,NA,NA,NA,NA,NA,NA,NA,NA,6,28.05.2019,11.06.2019,148,162,155,14,"46,93","3,35",0,1767786944,7638525833,10583,8223888889,3822908406,5412415755,437
7246_1_G,7246_1,Semi-natural,a,meadow,b,a_b,559,16,34,316,40,104,46,4,11,7,11.06.2019,25.06.2019,162,176,169,14,76,"5,43",0,2074610556,7566431389,10583,8223888889,3822908406,5412415755,437
7246_1_G,7246_1,Semi-natural,a,meadow,b,a_b,NA,NA,NA,NA,NA,NA,NA,NA,NA,8,25.06.2019,12.07.2019,176,193,1845,17,"89,5","5,26",0,1959112963,67559875,10583,8223888889,3822908406,5412415755,437
7246_1_G,7246_1,Semi-natural,a,meadow,b,a_b,473,10,20,255,10,121,38,14,8,9,12.07.2019,29.07.2019,193,210,2015,17,"69,6","4,09",0,1983156713,77321375,10583,8223888889,3822908406,5412415755,437
7246_1_G,7246_1,Semi-natural,a,meadow,b,a_b,NA,NA,NA,NA,NA,NA,NA,NA,NA,10,29.07.2019,13.08.2019,210,225,2175,15,"36,28","2,42",0,1883419792,849104375,10583,8223888889,3822908406,5412415755,437
7332_3_A,7332_3,Agricultural,b,arable field,c,b_c,NA,NA,NA,NA,NA,NA,NA,NA,NA,3,11.04.2019,03.05.2019,101,123,112,22,"43,16","1,96",0,1135344746,613107808,746,9052777778,3648875786,538977056,446
7332_3_A,7332_3,Agricultural,b,arable field,c,b_c,NA,NA,NA,NA,NA,NA,NA,NA,NA,4,03.05.2019,16.05.2019,123,136,1295,13,"6,38","0,49",0,872741369,782333869,746,9052777778,3648875786,538977056,446
7332_3_A,7332_3,Agricultural,b,arable field,c,b_c,391,6,16,263,11,67,22,0,8,5,16.05.2019,29.05.2019,136,149,1425,13,"23,36","1,796923077",0,1374644048,8039874107,746,9052777778,3648875786,538977056,446
7332_3_A,7332_3,Agricultural,b,arable field,c,b_c,NA,NA,NA,NA,NA,NA,NA,NA,NA,6,29.05.2019,15.06.2019,149,166,1575,17,"65,24","3,84",0,1825262269,7396114815,746,9052777778,3648875786,538977056,446
7332_3_A,7332_3,Agricultural,b,arable field,c,b_c,352,8,14,190,13,75,43,2,6,7,15.06.2019,28.06.2019,166,179,1725,13,"66,6","5,12",0,2144246726,7690318452,746,9052777778,3648875786,538977056,446
7332_3_A,7332_3,Agricultural,b,arable field,c,b_c,NA,NA,NA,NA,NA,NA,NA,NA,NA,8,28.06.2019,15.07.2019,179,196,1875,17,"63,64","3,74",0,1900980787,7265190972,746,9052777778,3648875786,538977056,446
7332_3_A,7332_3,Agricultural,b,arable field,c,b_c,403,9,17,243,18,53,50,6,6,9,15.07.2019,30.07.2019,196,211,2035,15,"50,59","3,37",0,2170621875,73451875,746,9052777778,3648875786,538977056,446
7332_3_A,7332_3,Agricultural,b,arable field,c,b_c,NA,NA,NA,NA,NA,NA,NA,NA,NA,10,30.07.2019,14.08.2019,211,226,2185,15,"26,81","1,79",0,1889172135,8433977865,746,9052777778,3648875786,538977056,446
7332_3_F,7332_3,Agricultural,b,forest,a,b_a,NA,NA,NA,NA,NA,NA,NA,NA,NA,3,11.04.2019,03.05.2019,101,123,112,22,"20,38","0,93",0,1143699638,5945109783,7744,8961111111,364884539,5391309759,485
7332_3_F,7332_3,Agricultural,b,forest,a,b_a,NA,NA,NA,NA,NA,NA,NA,NA,NA,4,03.05.2019,16.05.2019,123,136,1295,13,"21,46","1,65",0,8147107143,79054125,7744,8961111111,364884539,5391309759,485
7332_3_F,7332_3,Agricultural,b,forest,a,b_a,426,5,17,280,12,83,21,0,10,5,16.05.2019,29.05.2019,136,149,1425,13,"25,56","1,966153846",0,1317864286,8013743155,7744,8961111111,364884539,5391309759,485
7332_3_F,7332_3,Agricultural,b,forest,a,b_a,NA,NA,NA,NA,NA,NA,NA,NA,NA,6,29.05.2019,15.06.2019,149,166,1575,17,"65,36","3,84",0,1776023843,7227937269,7744,8961111111,364884539,5391309759,485
7332_3_F,7332_3,Agricultural,b,forest,a,b_a,542,18,15,307,16,136,57,3,4,7,15.06.2019,28.06.2019,166,179,1725,13,"99,2","7,63",0,2055102679,7786654167,7744,8961111111,364884539,5391309759,485
7332_3_F,7332_3,Agricultural,b,forest,a,b_a,NA,NA,NA,NA,NA,NA,NA,NA,NA,8,28.06.2019,15.07.2019,179,196,1875,17,"89,38","5,26",0,1812566898,7412427778,7744,8961111111,364884539,5391309759,485
7332_3_F,7332_3,Agricultural,b,forest,a,b_a,518,13,19,321,12,84,55,3,14,9,15.07.2019,30.07.2019,196,211,2035,15,"123,55","8,24",0,2116807552,7358120573,7744,8961111111,364884539,5391309759,485
7332_3_F,7332_3,Agricultural,b,forest,a,b_a,NA,NA,NA,NA,NA,NA,NA,NA,NA,10,30.07.2019,14.08.2019,211,226,2185,15,"70,55","4,7",0,1842635677,8420450781,7744,8961111111,364884539,5391309759,485
7332_3_G,7332_3,Agricultural,b,meadow,b,b_b,NA,NA,NA,NA,NA,NA,NA,NA,NA,3,11.04.2019,03.05.2019,101,123,112,22,"104,59","4,75",0,1161934601,6044005435,7395666667,9061111111,3648844174,539180155,429
7332_3_G,7332_3,Agricultural,b,meadow,b,b_b,NA,NA,NA,NA,NA,NA,NA,NA,NA,4,03.05.2019,16.05.2019,123,136,1295,13,"10,92","0,84",0,8701654762,7800103274,7395666667,9061111111,3648844174,539180155,429
7332_3_G,7332_3,Agricultural,b,meadow,b,b_b,348,4,13,225,6,81,16,0,3,5,16.05.2019,29.05.2019,136,149,1425,13,"49,61","3,816153846",0,1375688095,8025058333,7395666667,9061111111,3648844174,539180155,429
7332_3_G,7332_3,Agricultural,b,meadow,b,b_b,NA,NA,NA,NA,NA,NA,NA,NA,NA,6,29.05.2019,15.06.2019,149,166,1575,17,"67,23","3,95",0,1827591898,7392778935,7395666667,9061111111,3648844174,539180155,429
7332_3_G,7332_3,Agricultural,b,meadow,b,b_b,348,8,10,200,11,74,39,6,7,7,15.06.2019,28.06.2019,166,179,1725,13,"92,2","7,09",0,2130699702,7859990179,7395666667,9061111111,3648844174,539180155,429
7332_3_G,7332_3,Agricultural,b,meadow,b,b_b,NA,NA,NA,NA,NA,NA,NA,NA,NA,8,28.06.2019,15.07.2019,179,196,1875,17,"71,93","4,23",0,1866396991,7599547917,7395666667,9061111111,3648844174,539180155,429
7332_3_G,7332_3,Agricultural,b,meadow,b,b_b,554,9,30,341,23,85,51,6,8,9,15.07.2019,30.07.2019,196,211,2035,15,"61,27","4,08",0,2148260938,756344375,7395666667,9061111111,3648844174,539180155,429
7332_3_G,7332_3,Agricultural,b,meadow,b,b_b,NA,NA,NA,NA,NA,NA,NA,NA,NA,10,30.07.2019,14.08.2019,211,226,2185,15,"39,11","2,61",0,1910429948,8311348177,7395666667,9061111111,3648844174,539180155,429
7437_1_A,7437_1,Agricultural,b,arable field,c,b_c,NA,NA,NA,NA,NA,NA,NA,NA,NA,3,10.04.2019,03.05.2019,100,123,1115,23,"54,72","2,38",0,1152243403,5972518924,8470666667,8857222222,3713175925,538582069,499
7437_1_A,7437_1,Agricultural,b,arable field,c,b_c,NA,NA,NA,NA,NA,NA,NA,NA,NA,4,03.05.2019,16.05.2019,123,136,1295,13,"11,77","0,91",0,8576306548,7569229167,8470666667,8857222222,3713175925,538582069,499
7437_1_A,7437_1,Agricultural,b,arable field,c,b_c,367,2,22,244,9,65,16,0,6,5,16.05.2019,29.05.2019,136,149,1425,13,"26,38","2,029230769",0,1463080952,8871464286,8470666667,8857222222,3713175925,538582069,499
7437_1_A,7437_1,Agricultural,b,arable field,c,b_c,NA,NA,NA,NA,NA,NA,NA,NA,NA,6,29.05.2019,12.06.2019,149,163,156,14,"40,42","2,89",0,1878860833,7082428333,8470666667,8857222222,3713175925,538582069,499
7437_1_A,7437_1,Agricultural,b,arable field,c,b_c,398,7,29,221,13,79,43,4,5,7,12.06.2019,27.06.2019,163,178,1705,15,"59,8","3,99",0,2154214323,7476195833,8470666667,8857222222,3713175925,538582069,499
7437_1_A,7437_1,Agricultural,b,arable field,c,b_c,NA,NA,NA,NA,NA,NA,NA,NA,NA,8,27.06.2019,16.07.2019,178,197,1875,19,96,"5,05",0,1999938542,6559050208,8470666667,8857222222,3713175925,538582069,499
7437_1_A,7437_1,Agricultural,b,arable field,c,b_c,332,6,13,188,12,74,21,7,5,9,16.07.2019,29.07.2019,197,210,2035,13,"74,5","5,730769231",0,232417381,6337072917,8470666667,8857222222,3713175925,538582069,499
7437_1_A,7437_1,Agricultural,b,arable field,c,b_c,NA,NA,NA,NA,NA,NA,NA,NA,NA,10,29.07.2019,13.08.2019,210,225,2175,15,"100,57","6,704666667",0,2007726823,7749553125,8470666667,8857222222,3713175925,538582069,499
7437_1_F,7437_1,Agricultural,b,forest,a,b_a,NA,NA,NA,NA,NA,NA,NA,NA,NA,3,10.04.2019,03.05.2019,100,123,1115,23,"24,12","1,05",0,1093669444,6417876389,8526333333,8845555556,3710096387,538633586,498
7437_1_F,7437_1,Agricultural,b,forest,a,b_a,NA,NA,NA,NA,NA,NA,NA,NA,NA,4,03.05.2019,16.05.2019,123,136,1295,13,"3,6","0,28",0,837028869,7996091369,8526333333,8845555556,3710096387,538633586,498
7437_1_F,7437_1,Agricultural,b,forest,a,b_a,359,3,22,209,8,85,14,3,14,5,16.05.2019,29.05.2019,136,149,1425,13,"14,37","1,105384615",0,1318377083,8263136905,8526333333,8845555556,3710096387,538633586,498
7437_1_F,7437_1,Agricultural,b,forest,a,b_a,NA,NA,NA,NA,NA,NA,NA,NA,NA,6,29.05.2019,12.06.2019,149,163,156,14,26,"1,86",0,1771966667,7557766944,8526333333,8845555556,3710096387,538633586,498
7437_1_F,7437_1,Agricultural,b,forest,a,b_a,549,20,30,308,21,124,40,4,15,7,12.06.2019,27.06.2019,163,178,1705,15,"46,4","3,09",0,205121224,8037028385,8526333333,8845555556,3710096387,538633586,498
7437_1_F,7437_1,Agricultural,b,forest,a,b_a,NA,NA,NA,NA,NA,NA,NA,NA,NA,8,27.06.2019,16.07.2019,178,197,1875,19,"57,12","3,01",0,18727825,7433796875,8526333333,8845555556,3710096387,538633586,498
7437_1_F,7437_1,Agricultural,b,forest,a,b_a,389,8,13,238,11,80,24,5,10,9,16.07.2019,29.07.2019,197,210,2035,13,"52,03","4,002307692",0,2141389583,7391171726,8526333333,8845555556,3710096387,538633586,498
7437_1_F,7437_1,Agricultural,b,forest,a,b_a,NA,NA,NA,NA,NA,NA,NA,NA,NA,10,29.07.2019,13.08.2019,210,225,2175,15,25,"1,666666667",0,1920742188,8477483594,8526333333,8845555556,3710096387,538633586,498
7437_1_G,7437_1,Agricultural,b,meadow,b,b_b,NA,NA,NA,NA,NA,NA,NA,NA,NA,3,10.04.2019,03.05.2019,100,123,1115,23,"53,77","2,34",0,1143487847,622354375,8598,8795555556,3711286522,5386256924,520
7437_1_G,7437_1,Agricultural,b,meadow,b,b_b,NA,NA,NA,NA,NA,NA,NA,NA,NA,4,03.05.2019,16.05.2019,123,136,1295,13,"11,75","0,9",0,8518133929,787626756,8598,8795555556,3711286522,5386256924,520
7437_1_G,7437_1,Agricultural,b,meadow,b,b_b,464,5,24,305,11,84,28,1,5,5,16.05.2019,29.05.2019,136,149,1425,13,42,"3,230769231",0,1393168452,8085029464,8598,8795555556,3711286522,5386256924,520
7437_1_G,7437_1,Agricultural,b,meadow,b,b_b,NA,NA,NA,NA,NA,NA,NA,NA,NA,6,29.05.2019,12.06.2019,149,163,156,14,"68,49","4,89",0,1894067222,7153257778,8598,8795555556,3711286522,5386256924,520
7437_1_G,7437_1,Agricultural,b,meadow,b,b_b,376,9,22,206,10,95,34,5,2,7,12.06.2019,27.06.2019,163,178,1705,15,"124,4","8,29",0,2183488281,7438641927,8598,8795555556,3711286522,5386256924,520
7437_1_G,7437_1,Agricultural,b,meadow,b,b_b,NA,NA,NA,NA,NA,NA,NA,NA,NA,8,27.06.2019,16.07.2019,178,197,1875,19,"132,98",7,0,196956375,6859664167,8598,8795555556,3711286522,5386256924,520
7437_1_G,7437_1,Agricultural,b,meadow,b,b_b,483,12,14,269,13,118,50,4,6,9,16.07.2019,29.07.2019,197,210,2035,13,"107,39","8,260769231",0,232536756,6519386905,8598,8795555556,3711286522,5386256924,520
7437_1_G,7437_1,Agricultural,b,meadow,b,b_b,NA,NA,NA,NA,NA,NA,NA,NA,NA,10,29.07.2019,13.08.2019,210,225,2175,15,"62,73","4,182",0,1989164844,8101324479,8598,8795555556,3711286522,5386256924,520
7446_1_F,7446_1,Urban,c,forest,a,c_a,NA,NA,NA,NA,NA,NA,NA,NA,NA,3,12.04.2019,30.04.2019,102,120,111,18,11,"0,61",0,1181143421,5878778728,8859,9130555556,3804918056,5380485597,468
7446_1_F,7446_1,Urban,c,forest,a,c_a,NA,NA,NA,NA,NA,NA,NA,NA,NA,4,30.04.2019,16.05.2019,120,136,128,16,"26,52","1,6575",0,9997642157,8966764951,8859,9130555556,3804918056,5380485597,468
7446_1_F,7446_1,Urban,c,forest,a,c_a,450,2,28,250,8,124,26,0,11,5,16.05.2019,30.05.2019,136,150,143,14,"16,24","1,16",0,1341628056,8448376111,8859,9130555556,3804918056,5380485597,468
7446_1_F,7446_1,Urban,c,forest,a,c_a,NA,NA,NA,NA,NA,NA,NA,NA,NA,6,30.05.2019,11.06.2019,150,162,156,12,"27,4","2,28",0,1901546795,7116927244,8859,9130555556,3804918056,5380485597,468
7446_1_F,7446_1,Urban,c,forest,a,c_a,484,13,23,263,9,154,24,1,5,7,11.06.2019,25.06.2019,162,176,169,14,"37,2","2,66",0,2081284444,7436092778,8859,9130555556,3804918056,5380485597,468
7446_1_F,7446_1,Urban,c,forest,a,c_a,NA,NA,NA,NA,NA,NA,NA,NA,NA,8,25.06.2019,12.07.2019,176,193,1845,17,"27,24","1,6",0,2040204398,6596683333,8859,9130555556,3804918056,5380485597,468
7446_1_F,7446_1,Urban,c,forest,a,c_a,376,8,20,213,10,95,9,10,11,9,12.07.2019,29.07.2019,193,210,2015,17,"22,22","1,31",0,2024947917,7624243287,8859,9130555556,3804918056,5380485597,468
7446_1_F,7446_1,Urban,c,forest,a,c_a,NA,NA,NA,NA,NA,NA,NA,NA,NA,10,29.07.2019,13.08.2019,210,225,2175,15,"8,06","0,54",0,1889726823,8524883073,8859,9130555556,3804918056,5380485597,468
7446_1_G,7446_1,Urban,c,meadow,b,c_b,NA,NA,NA,NA,NA,NA,NA,NA,NA,3,18.04.2019,30.04.2019,108,120,114,12,"36,94","3,08",0,1323549679,5947529808,8795666667,9313611111,3820627931,538938502,385
7446_1_G,7446_1,Urban,c,meadow,b,c_b,NA,NA,NA,NA,NA,NA,NA,NA,NA,4,30.04.2019,16.05.2019,120,136,128,16,"5,05","0,315625",0,9548683824,8095562255,8795666667,9313611111,3820627931,538938502,385
7446_1_G,7446_1,Urban,c,meadow,b,c_b,384,9,17,249,12,69,22,0,9,5,16.05.2019,30.05.2019,136,150,143,14,"27,4","1,957142857",0,1418104722,8166406389,8795666667,9313611111,3820627931,538938502,385
7446_1_G,7446_1,Urban,c,meadow,b,c_b,NA,NA,NA,NA,NA,NA,NA,NA,NA,6,30.05.2019,11.06.2019,150,162,156,12,"34,48","2,87",0,1982845192,7072713462,8795666667,9313611111,3820627931,538938502,385
7446_1_G,7446_1,Urban,c,meadow,b,c_b,507,12,23,291,26,106,39,5,6,7,11.06.2019,25.06.2019,162,176,169,14,"64,2","4,59",0,2197152778,7264685833,8795666667,9313611111,3820627931,538938502,385
7446_1_G,7446_1,Urban,c,meadow,b,c_b,NA,NA,NA,NA,NA,NA,NA,NA,NA,8,25.06.2019,12.07.2019,176,193,1845,17,"84,32","4,96",0,2116837269,6701571065,8795666667,9313611111,3820627931,538938502,385
7446_1_G,7446_1,Urban,c,meadow,b,c_b,454,14,17,224,20,106,49,12,10,9,12.07.2019,29.07.2019,193,210,2015,17,"53,39","3,14",0,2110011806,7657109491,8795666667,9313611111,3820627931,538938502,385
7446_1_G,7446_1,Urban,c,meadow,b,c_b,NA,NA,NA,NA,NA,NA,NA,NA,NA,10,29.07.2019,13.08.2019,210,225,2175,15,"51,47","3,43",0,2003509635,8325516927,8795666667,9313611111,3820627931,538938502,385
7446_1_U,7446_1,Urban,c,settlement,d,c_d,NA,NA,NA,NA,NA,NA,NA,NA,NA,3,12.04.2019,30.04.2019,102,120,111,18,"13,69","0,76",0,1134814254,6327569737,8502,9646666667,3821706899,5391216346,321
7446_1_U,7446_1,Urban,c,settlement,d,c_d,NA,NA,NA,NA,NA,NA,NA,NA,NA,4,30.04.2019,16.05.2019,120,136,128,16,"5,64","0,3525",0,9393838235,8041044608,8502,9646666667,3821706899,5391216346,321
7446_1_U,7446_1,Urban,c,settlement,d,c_d,341,5,28,186,29,74,9,1,9,5,16.05.2019,29.05.2019,136,149,1425,13,"10,48","0,806153846",0,1379155655,8254575,8502,9646666667,3821706899,5391216346,321
7446_1_U,7446_1,Urban,c,settlement,d,c_d,NA,NA,NA,NA,NA,NA,NA,NA,NA,6,29.05.2019,11.06.2019,149,162,1555,13,"10,85","0,83",0,185284881,7420428571,8502,9646666667,3821706899,5391216346,321
7446_1_U,7446_1,Urban,c,settlement,d,c_d,378,8,24,208,42,60,22,0,13,7,11.06.2019,25.06.2019,162,176,169,14,"16,2","1,16",0,213577,7408736389,8502,9646666667,3821706899,5391216346,321
7446_1_U,7446_1,Urban,c,settlement,d,c_d,NA,NA,NA,NA,NA,NA,NA,NA,NA,8,25.06.2019,12.07.2019,176,193,1845,17,"9,83","0,58",0,2030042361,695677338,8502,9646666667,3821706899,5391216346,321
7446_1_U,7446_1,Urban,c,settlement,d,c_d,307,9,21,149,34,57,19,6,15,9,12.07.2019,29.07.2019,193,210,2015,17,"12,36","0,73",0,2034294213,7874825926,8502,9646666667,3821706899,5391216346,321
7446_1_U,7446_1,Urban,c,settlement,d,c_d,NA,NA,NA,NA,NA,NA,NA,NA,NA,10,29.07.2019,13.08.2019,210,225,2175,15,"9,35","0,62",0,1980195573,9203946615,8502,9646666667,3821706899,5391216346,321
7544_2_A,7544_2,Agricultural,b,arable field,c,b_c,NA,NA,NA,NA,NA,NA,NA,NA,NA,3,11.04.2019,29.04.2019,101,119,110,18,"15,22","0,85",0,1239097807,6587505044,8568,9042777778,3823975793,5392159216,432
7544_2_A,7544_2,Agricultural,b,arable field,c,b_c,NA,NA,NA,NA,NA,NA,NA,NA,NA,4,29.04.2019,16.05.2019,119,136,1275,17,"10,76","0,632941176",0,1051160185,100,8568,9042777778,3823975793,5392159216,432
7544_2_A,7544_2,Agricultural,b,arable field,c,b_c,432,2,37,267,18,76,18,3,6,5,16.05.2019,29.05.2019,136,149,1425,13,"17,93","1,379230769",0,1387907738,100,8568,9042777778,3823975793,5392159216,432
7544_2_A,7544_2,Agricultural,b,arable field,c,b_c,NA,NA,NA,NA,NA,NA,NA,NA,NA,6,29.05.2019,12.06.2019,149,163,156,14,"20,09","1,44",0,1778739167,9975299444,8568,9042777778,3823975793,5392159216,432
7544_2_A,7544_2,Agricultural,b,arable field,c,b_c,354,7,34,195,13,76,23,2,6,7,12.06.2019,26.06.2019,163,177,170,14,"83,5","5,96",0,207733,9347386111,8568,9042777778,3823975793,5392159216,432
7544_2_A,7544_2,Agricultural,b,arable field,c,b_c,NA,NA,NA,NA,NA,NA,NA,NA,NA,8,26.06.2019,13.07.2019,177,194,1855,17,"90,84","5,34",0,1981975231,9400391435,8568,9042777778,3823975793,5392159216,432
7544_2_A,7544_2,Agricultural,b,arable field,c,b_c,389,7,25,190,22,106,21,9,8,9,13.07.2019,30.07.2019,194,211,2025,17,58,"3,41",0,2172561806,7043196991,8568,9042777778,3823975793,5392159216,432
7544_2_A,7544_2,Agricultural,b,arable field,c,b_c,NA,NA,NA,NA,NA,NA,NA,NA,NA,10,30.07.2019,14.08.2019,211,226,2185,15,"61,74","4,12",0,1997870573,7844713281,8568,9042777778,3823975793,5392159216,432
7544_2_F,7544_2,Agricultural,b,forest,a,b_a,NA,NA,NA,NA,NA,NA,NA,NA,NA,3,11.04.2019,29.04.2019,101,119,110,18,"29,8","1,66",0,1199828947,5412727193,8508,90625,3806672368,5378072018,474
7544_2_F,7544_2,Agricultural,b,forest,a,b_a,NA,NA,NA,NA,NA,NA,NA,NA,NA,4,29.04.2019,16.05.2019,119,136,1275,17,"13,96","0,821176471",0,9082520833,7898711343,8508,90625,3806672368,5378072018,474
7544_2_F,7544_2,Agricultural,b,forest,a,b_a,489,11,33,318,18,87,13,2,13,5,16.05.2019,29.05.2019,136,149,1425,13,"29,72","2,286153846",0,1400771726,7955233333,8508,90625,3806672368,5378072018,474
7544_2_F,7544_2,Agricultural,b,forest,a,b_a,NA,NA,NA,NA,NA,NA,NA,NA,NA,6,29.05.2019,12.06.2019,149,163,156,14,"75,04","5,36",0,1946646389,6946506111,8508,90625,3806672368,5378072018,474
7544_2_F,7544_2,Agricultural,b,forest,a,b_a,450,16,17,270,18,97,31,2,7,7,12.06.2019,26.06.2019,163,177,170,14,77,"5,5",0,22063775,71546,8508,90625,3806672368,5378072018,474
7544_2_F,7544_2,Agricultural,b,forest,a,b_a,NA,NA,NA,NA,NA,NA,NA,NA,NA,8,26.06.2019,13.07.2019,177,194,1855,17,"66,36","3,9",0,2117958796,6596153704,8508,90625,3806672368,5378072018,474
7544_2_F,7544_2,Agricultural,b,forest,a,b_a,485,15,14,275,20,127,26,10,4,9,13.07.2019,30.07.2019,194,211,2025,17,"52,77","3,1",0,2106837269,7200986806,8508,90625,3806672368,5378072018,474
7544_2_F,7544_2,Agricultural,b,forest,a,b_a,NA,NA,NA,NA,NA,NA,NA,NA,NA,10,30.07.2019,14.08.2019,211,226,2185,15,"39,79","2,65",0,1921345313,812139401,8508,90625,3806672368,5378072018,474
7544_2_G,7544_2,Agricultural,b,meadow,b,b_b,NA,NA,NA,NA,NA,NA,NA,NA,NA,3,11.04.2019,29.04.2019,101,119,110,18,"7,23","0,4",0,1154601316,5602154386,8662666667,9006388889,380677155,5379617788,421
7544_2_G,7544_2,Agricultural,b,meadow,b,b_b,NA,NA,NA,NA,NA,NA,NA,NA,NA,4,29.04.2019,16.05.2019,119,136,1275,17,"7,04","0,414117647",0,9205361111,7970461806,8662666667,9006388889,380677155,5379617788,421
7544_2_G,7544_2,Agricultural,b,meadow,b,b_b,235,2,13,172,3,34,7,0,3,5,16.05.2019,29.05.2019,136,149,1425,13,"13,28","1,021538462",0,1399188095,8135064881,8662666667,9006388889,380677155,5379617788,421
7544_2_G,7544_2,Agricultural,b,meadow,b,b_b,NA,NA,NA,NA,NA,NA,NA,NA,NA,6,29.05.2019,12.06.2019,149,163,156,14,"7,09","0,51",0,1931845278,7258507222,8662666667,9006388889,380677155,5379617788,421
7544_2_G,7544_2,Agricultural,b,meadow,b,b_b,359,4,26,231,17,46,22,6,6,7,12.06.2019,26.06.2019,163,177,170,14,"37,7","2,69",0,2268745833,7725939444,8662666667,9006388889,380677155,5379617788,421
7544_2_G,7544_2,Agricultural,b,meadow,b,b_b,NA,NA,NA,NA,NA,NA,NA,NA,NA,8,26.06.2019,13.07.2019,177,194,1855,17,"73,16","4,3",0,2037832407,6894006481,8662666667,9006388889,380677155,5379617788,421
7544_2_G,7544_2,Agricultural,b,meadow,b,b_b,393,6,15,260,15,52,30,8,4,9,13.07.2019,30.07.2019,194,211,2025,17,"53,09","3,12",0,2139025231,7342403704,8662666667,9006388889,380677155,5379617788,421
7544_2_G,7544_2,Agricultural,b,meadow,b,b_b,NA,NA,NA,NA,NA,NA,NA,NA,NA,10,30.07.2019,14.08.2019,211,226,2185,15,"44,06","2,94",0,1970835677,8048308854,8662666667,9006388889,380677155,5379617788,421
7545_2_A,7545_2,Agricultural,b,arable field,c,b_c,NA,NA,NA,NA,NA,NA,NA,NA,NA,3,11.04.2019,29.04.2019,101,119,110,18,"4,2","0,23",2,NA,NA,8323666667,9351111111,3818436863,5378482156,331
7545_2_A,7545_2,Agricultural,b,arable field,c,b_c,NA,NA,NA,NA,NA,NA,NA,NA,NA,4,29.04.2019,16.05.2019,119,136,1275,17,"8,74","0,514117647",2,NA,NA,8323666667,9351111111,3818436863,5378482156,331
7545_2_A,7545_2,Agricultural,b,arable field,c,b_c,335,3,21,228,11,47,16,0,6,5,16.05.2019,29.05.2019,136,149,1425,13,"11,47","0,882307692",2,NA,NA,8323666667,9351111111,3818436863,5378482156,331
7545_2_A,7545_2,Agricultural,b,arable field,c,b_c,NA,NA,NA,NA,NA,NA,NA,NA,NA,6,29.05.2019,12.06.2019,149,163,156,14,"17,56","1,25",2,NA,NA,8323666667,9351111111,3818436863,5378482156,331
7545_2_A,7545_2,Agricultural,b,arable field,c,b_c,345,7,17,195,9,78,37,2,4,7,12.06.2019,26.06.2019,163,177,170,14,"79,2","5,66",2,NA,NA,8323666667,9351111111,3818436863,5378482156,331
7545_2_A,7545_2,Agricultural,b,arable field,c,b_c,NA,NA,NA,NA,NA,NA,NA,NA,NA,8,26.06.2019,13.07.2019,177,194,1855,17,"82,79","4,87",2,NA,NA,8323666667,9351111111,3818436863,5378482156,331
7545_2_A,7545_2,Agricultural,b,arable field,c,b_c,451,10,9,268,22,90,38,3,10,9,13.07.2019,30.07.2019,194,211,2025,17,"86,14","5,07",2,NA,NA,8323666667,9351111111,3818436863,5378482156,331
7545_2_A,7545_2,Agricultural,b,arable field,c,b_c,NA,NA,NA,NA,NA,NA,NA,NA,NA,10,30.07.2019,14.08.2019,211,226,2185,15,"64,72","4,31",2,NA,NA,8323666667,9351111111,3818436863,5378482156,331
7545_2_F,7545_2,Agricultural,b,forest,a,b_a,NA,NA,NA,NA,NA,NA,NA,NA,NA,3,11.04.2019,29.04.2019,101,119,110,18,"58,33","3,24",0,1179144737,586655307,8465,9320833333,3819273272,5379712219,393
7545_2_F,7545_2,Agricultural,b,forest,a,b_a,NA,NA,NA,NA,NA,NA,NA,NA,NA,4,29.04.2019,16.05.2019,119,136,1275,17,"22,17","1,304117647",0,9454479167,8279812269,8465,9320833333,3819273272,5379712219,393
7545_2_F,7545_2,Agricultural,b,forest,a,b_a,490,4,26,300,17,115,18,2,7,5,16.05.2019,29.05.2019,136,149,1425,13,"34,73","2,671538462",0,1368174107,8558727976,8465,9320833333,3819273272,5379712219,393
7545_2_F,7545_2,Agricultural,b,forest,a,b_a,NA,NA,NA,NA,NA,NA,NA,NA,NA,6,29.05.2019,12.06.2019,149,163,156,14,"54,31","3,88",0,1847751667,7874508611,8465,9320833333,3819273272,5379712219,393
7545_2_F,7545_2,Agricultural,b,forest,a,b_a,440,10,28,260,16,86,28,3,11,7,12.06.2019,26.06.2019,163,177,170,14,"67,3","4,81",0,2114384722,7927381944,8465,9320833333,3819273272,5379712219,393
7545_2_F,7545_2,Agricultural,b,forest,a,b_a,NA,NA,NA,NA,NA,NA,NA,NA,NA,8,26.06.2019,13.07.2019,177,194,1855,17,"84,22","4,95",0,1984981019,7420075,8465,9320833333,3819273272,5379712219,393
7545_2_F,7545_2,Agricultural,b,forest,a,b_a,398,9,11,233,10,89,30,6,10,9,13.07.2019,30.07.2019,194,211,2025,17,"63,54","3,74",0,2052008333,8062683565,8465,9320833333,3819273272,5379712219,393
7545_2_F,7545_2,Agricultural,b,forest,a,b_a,NA,NA,NA,NA,NA,NA,NA,NA,NA,10,30.07.2019,14.08.2019,211,226,2185,15,"37,56","2,5",0,192051901,8650323177,8465,9320833333,3819273272,5379712219,393
7545_2_U,7545_2,Agricultural,b,settlement,d,b_d,NA,NA,NA,NA,NA,NA,NA,NA,NA,3,18.04.2019,29.04.2019,108,119,1135,11,"18,96","1,72",0,1338593403,5763066667,8344,9409444444,3817884924,5379850136,342
7545_2_U,7545_2,Agricultural,b,settlement,d,b_d,NA,NA,NA,NA,NA,NA,NA,NA,NA,4,29.04.2019,16.05.2019,119,136,1275,17,"12,24","0,72",0,9921125,7817722685,8344,9409444444,3817884924,5379850136,342
7545_2_U,7545_2,Agricultural,b,settlement,d,b_d,261,2,18,185,6,42,5,0,2,5,16.05.2019,29.05.2019,136,149,1425,13,"11,74","0,903076923",0,1456420536,8052019048,8344,9409444444,3817884924,5379850136,342
7545_2_U,7545_2,Agricultural,b,settlement,d,b_d,NA,NA,NA,NA,NA,NA,NA,NA,NA,6,29.05.2019,12.06.2019,149,163,156,14,"39,81","2,84",0,1995292222,7186547778,8344,9409444444,3817884924,5379850136,342
7545_2_U,7545_2,Agricultural,b,settlement,d,b_d,301,5,22,186,11,56,18,2,3,7,12.06.2019,26.06.2019,163,177,170,14,"54,5","3,89",0,2242971667,7345709444,8344,9409444444,3817884924,5379850136,342
7545_2_U,7545_2,Agricultural,b,settlement,d,b_d,NA,NA,NA,NA,NA,NA,NA,NA,NA,8,26.06.2019,13.07.2019,177,194,1855,17,"68,49","4,03",0,2058271759,9136452546,8344,9409444444,3817884924,5379850136,342
7545_2_U,7545_2,Agricultural,b,settlement,d,b_d,359,10,19,212,15,62,35,7,5,9,13.07.2019,30.07.2019,194,211,2025,17,"55,47","3,26",0,2138291898,7809784259,8344,9409444444,3817884924,5379850136,342
7545_2_U,7545_2,Agricultural,b,settlement,d,b_d,NA,NA,NA,NA,NA,NA,NA,NA,NA,10,30.07.2019,14.08.2019,211,226,2185,15,"45,49","3,03",0,199956901,8166690365,8344,9409444444,3817884924,5379850136,342
7546_3_A,7546_3,Agricultural,b,arable field,c,b_c,NA,NA,NA,NA,NA,NA,NA,NA,NA,3,11.04.2019,30.04.2019,101,120,1105,19,"33,34","1,75",0,1195170417,6066935417,7781333333,9576944444,3826383385,5375878439,304
7546_3_A,7546_3,Agricultural,b,arable field,c,b_c,NA,NA,NA,NA,NA,NA,NA,NA,NA,4,30.04.2019,16.05.2019,120,136,128,16,"14,24","0,89",0,1012577206,8134680637,7781333333,9576944444,3826383385,5375878439,304
7546_3_A,7546_3,Agricultural,b,arable field,c,b_c,480,7,54,292,8,95,15,2,9,5,16.05.2019,30.05.2019,136,150,143,14,"29,14","2,081428571",0,1468163611,8290658889,7781333333,9576944444,3826383385,5375878439,304
7546_3_A,7546_3,Agricultural,b,arable field,c,b_c,NA,NA,NA,NA,NA,NA,NA,NA,NA,6,30.05.2019,12.06.2019,150,163,1565,13,"37,78","2,91",0,2083458036,7391075298,7781333333,9576944444,3826383385,5375878439,304
7546_3_A,7546_3,Agricultural,b,arable field,c,b_c,331,3,24,193,10,65,30,1,4,7,12.06.2019,26.06.2019,163,177,170,14,"79,5","5,68",0,23055925,7511320833,7781333333,9576944444,3826383385,5375878439,304
7546_3_A,7546_3,Agricultural,b,arable field,c,b_c,NA,NA,NA,NA,NA,NA,NA,NA,NA,8,26.06.2019,13.07.2019,177,194,1855,17,"71,88","4,23",0,2077074074,7480921065,7781333333,9576944444,3826383385,5375878439,304
7546_3_A,7546_3,Agricultural,b,arable field,c,b_c,470,7,28,275,21,89,33,6,6,9,13.07.2019,30.07.2019,194,211,2025,17,"72,17","4,25",0,2164585185,8039872917,7781333333,9576944444,3826383385,5375878439,304
7546_3_A,7546_3,Agricultural,b,arable field,c,b_c,NA,NA,NA,NA,NA,NA,NA,NA,NA,10,30.07.2019,14.08.2019,211,226,2185,15,"70,73","4,72",0,2047740885,8293288542,7781333333,9576944444,3826383385,5375878439,304
7546_3_G,7546_3,Agricultural,b,meadow,b,b_b,NA,NA,NA,NA,NA,NA,NA,NA,NA,3,12.04.2019,30.04.2019,102,120,111,18,"72,86","4,05",0,121214693,5996286842,7843,9565833333,3821665646,5375248042,312
7546_3_G,7546_3,Agricultural,b,meadow,b,b_b,NA,NA,NA,NA,NA,NA,NA,NA,NA,4,30.04.2019,16.05.2019,120,136,128,16,"11,26","0,70375",0,1033358333,7763161029,7843,9565833333,3821665646,5375248042,312
7546_3_G,7546_3,Agricultural,b,meadow,b,b_b,376,2,21,263,12,57,13,0,6,5,16.05.2019,30.05.2019,136,150,143,14,"19,1","1,364285714",0,14890525,8010061111,7843,9565833333,3821665646,5375248042,312
7546_3_G,7546_3,Agricultural,b,meadow,b,b_b,NA,NA,NA,NA,NA,NA,NA,NA,NA,6,30.05.2019,12.06.2019,150,163,1565,13,"41,53","3,19",0,2087148214,6986260119,7843,9565833333,3821665646,5375248042,312
7546_3_G,7546_3,Agricultural,b,meadow,b,b_b,506,9,26,321,31,72,33,6,13,7,12.06.2019,26.06.2019,163,177,170,14,"48,5","3,46",0,2299242222,7215453056,7843,9565833333,3821665646,5375248042,312
7546_3_G,7546_3,Agricultural,b,meadow,b,b_b,NA,NA,NA,NA,NA,NA,NA,NA,NA,8,26.06.2019,13.07.2019,177,194,1855,17,"35,99","2,12",0,2117680556,7066676852,7843,9565833333,3821665646,5375248042,312
7546_3_G,7546_3,Agricultural,b,meadow,b,b_b,496,16,17,293,15,104,40,8,10,9,13.07.2019,30.07.2019,194,211,2025,17,"21,06","1,24",0,21896625,7730126389,7843,9565833333,3821665646,5375248042,312
7546_3_G,7546_3,Agricultural,b,meadow,b,b_b,NA,NA,NA,NA,NA,NA,NA,NA,NA,10,30.07.2019,14.08.2019,211,226,2185,15,"40,25","2,68",0,2065350521,805391901,7843,9565833333,3821665646,5375248042,312
7546_3_U,7546_3,Agricultural,b,settlement,d,b_d,NA,NA,NA,NA,NA,NA,NA,NA,NA,3,12.04.2019,30.04.2019,102,120,111,18,"10,44","0,58",0,1235847807,5605986623,7839333333,9562222222,382571498,537285652,309
7546_3_U,7546_3,Agricultural,b,settlement,d,b_d,NA,NA,NA,NA,NA,NA,NA,NA,NA,4,30.04.2019,16.05.2019,120,136,128,16,"10,53","0,658125",0,1017501716,7761028922,7839333333,9562222222,382571498,537285652,309
7546_3_U,7546_3,Agricultural,b,settlement,d,b_d,309,3,23,215,4,45,11,1,5,5,16.05.2019,30.05.2019,136,150,143,14,"17,35","1,239285714",0,1490635278,7836362222,7839333333,9562222222,382571498,537285652,309
7546_3_U,7546_3,Agricultural,b,settlement,d,b_d,NA,NA,NA,NA,NA,NA,NA,NA,NA,6,30.05.2019,12.06.2019,150,163,1565,13,"31,85","2,45",0,2107309524,6782604464,7839333333,9562222222,382571498,537285652,309
7546_3_U,7546_3,Agricultural,b,settlement,d,b_d,415,8,27,248,17,77,28,7,3,7,12.06.2019,26.06.2019,163,177,170,14,43,"3,07",0,2298730556,7123187778,7839333333,9562222222,382571498,537285652,309
7546_3_U,7546_3,Agricultural,b,settlement,d,b_d,NA,NA,NA,NA,NA,NA,NA,NA,NA,8,26.06.2019,13.07.2019,177,194,1855,17,"21,29","1,25",0,211265463,7103007407,7839333333,9562222222,382571498,537285652,309
7546_3_U,7546_3,Agricultural,b,settlement,d,b_d,NA,NA,NA,NA,NA,NA,NA,NA,NA,9,13.07.2019,30.07.2019,194,211,2025,17,NA,NA,1,2178582176,7705027778,7839333333,9562222222,382571498,537285652,309
7546_3_U,7546_3,Agricultural,b,settlement,d,b_d,NA,NA,NA,NA,NA,NA,NA,NA,NA,10,30.07.2019,14.08.2019,211,226,2185,15,"16,27","1,08",0,2039761198,8069277344,7839333333,9562222222,382571498,537285652,309
7730_2_A,7730_2,Urban,c,arable field,c,c_c,NA,NA,NA,NA,NA,NA,NA,NA,NA,3,17.04.2019,06.05.2019,107,126,1165,19,"34,49","1,82",0,1044000833,6945209375,9357666667,8688055556,36317659,5349360165,553
7730_2_A,7730_2,Urban,c,arable field,c,c_c,NA,NA,NA,NA,NA,NA,NA,NA,NA,4,NA,NA,NA,NA,NA,NA,NA,NA,1,998599537,8268962731,9357666667,8688055556,36317659,5349360165,553
7730_2_A,7730_2,Urban,c,arable field,c,c_c,542,7,31,324,15,133,20,1,8,5,23.05.2019,05.06.2019,143,156,1495,13,"30,96","2,381538462",0,1584323214,7940637202,9357666667,8688055556,36317659,5349360165,553
7730_2_A,7730_2,Urban,c,arable field,c,c_c,NA,NA,NA,NA,NA,NA,NA,NA,NA,6,05.06.2019,20.06.2019,156,171,1635,15,"41,92","2,79",0,1821773958,7905852083,9357666667,8688055556,36317659,5349360165,553
7730_2_A,7730_2,Urban,c,arable field,c,c_c,364,9,18,212,17,73,24,7,5,7,20.06.2019,01.07.2019,171,182,1765,11,"48,6","4,42",0,2164586111,7734678472,9357666667,8688055556,36317659,5349360165,553
7730_2_A,7730_2,Urban,c,arable field,c,c_c,NA,NA,NA,NA,NA,NA,NA,NA,NA,8,01.07.2019,15.07.2019,182,196,189,14,"69,47","4,96",0,17809225,8132614722,9357666667,8688055556,36317659,5349360165,553
7730_2_A,7730_2,Urban,c,arable field,c,c_c,469,9,20,303,16,80,25,6,7,9,15.07.2019,27.07.2019,196,208,202,12,"54,43","4,54",0,2131508333,778178141,9357666667,8688055556,36317659,5349360165,553
7730_2_A,7730_2,Urban,c,arable field,c,c_c,NA,NA,NA,NA,NA,NA,NA,NA,NA,10,29.07.2019,13.08.2019,210,225,2175,15,"29,93",2,0,1873770833,9024114063,9357666667,8688055556,36317659,5349360165,553
7730_2_F,7730_2,Urban,c,forest,a,c_a,NA,NA,NA,NA,NA,NA,NA,NA,NA,3,17.04.2019,06.05.2019,107,126,1165,19,"14,46","0,76",0,1073142708,6612681875,9431,8679444444,3631208514,5348947116,593
7730_2_F,7730_2,Urban,c,forest,a,c_a,NA,NA,NA,NA,NA,NA,NA,NA,NA,4,06.05.2019,23.05.2019,126,143,1345,17,NA,NA,1,9691465278,822147338,9431,8679444444,3631208514,5348947116,593
7730_2_F,7730_2,Urban,c,forest,a,c_a,372,4,29,216,5,86,26,2,6,5,23.05.2019,05.06.2019,143,156,1495,13,"41,14","3,164615385",0,1574187798,7714534226,9431,8679444444,3631208514,5348947116,593
7730_2_F,7730_2,Urban,c,forest,a,c_a,NA,NA,NA,NA,NA,NA,NA,NA,NA,6,05.06.2019,20.06.2019,156,171,1635,15,"29,1","1,94",0,1787584896,7718104688,9431,8679444444,3631208514,5348947116,593
7730_2_F,7730_2,Urban,c,forest,a,c_a,475,8,21,298,11,93,32,3,12,7,20.06.2019,01.07.2019,171,182,1765,11,"35,9","3,26",0,2125972222,7554938889,9431,8679444444,3631208514,5348947116,593
7730_2_F,7730_2,Urban,c,forest,a,c_a,NA,NA,NA,NA,NA,NA,NA,NA,NA,8,01.07.2019,15.07.2019,182,196,189,14,"17,67","1,26",0,1699138889,8039314722,9431,8679444444,3631208514,5348947116,593
7730_2_F,7730_2,Urban,c,forest,a,c_a,485,4,17,319,11,96,17,3,15,9,15.07.2019,27.07.2019,196,208,202,12,"23,39","1,95",0,2082465705,7547370192,9431,8679444444,3631208514,5348947116,593
7730_2_F,7730_2,Urban,c,forest,a,c_a,NA,NA,NA,NA,NA,NA,NA,NA,NA,10,29.07.2019,13.08.2019,210,225,2175,15,"17,13","1,14",0,1809961198,8860450781,9431,8679444444,3631208514,5348947116,593
7730_2_U,7730_2,Urban,c,settlement,d,c_d,NA,NA,NA,NA,NA,NA,NA,NA,NA,3,18.04.2019,06.05.2019,108,126,117,18,"15,77","0,88",0,1173652193,6378544956,885,88975,3636684989,5349848396,524
7730_2_U,7730_2,Urban,c,settlement,d,c_d,NA,NA,NA,NA,NA,NA,NA,NA,NA,4,NA,NA,NA,NA,NA,NA,NA,NA,1,1138971272,7457237939,885,88975,3636684989,5349848396,524
7730_2_U,7730_2,Urban,c,settlement,d,c_d,NA,NA,NA,NA,NA,NA,NA,NA,NA,5,24.05.2019,05.06.2019,144,156,150,12,"26,54","2,211666667",0,1788766346,6944071795,885,88975,3636684989,5349848396,524
7730_2_U,7730_2,Urban,c,settlement,d,c_d,NA,NA,NA,NA,NA,NA,NA,NA,NA,6,05.06.2019,20.06.2019,156,171,1635,15,"29,69","1,98",0,1971836719,7083714063,885,88975,3636684989,5349848396,524
7730_2_U,7730_2,Urban,c,settlement,d,c_d,380,9,36,209,16,73,36,0,3,7,20.06.2019,02.07.2019,171,183,177,12,"47,3","3,94",0,2315075641,6931406731,885,88975,3636684989,5349848396,524
7730_2_U,7730_2,Urban,c,settlement,d,c_d,NA,NA,NA,NA,NA,NA,NA,NA,NA,8,02.07.2019,16.07.2019,183,197,190,14,"40,55","2,9",0,1896821667,6957614722,885,88975,3636684989,5349848396,524
7730_2_U,7730_2,Urban,c,settlement,d,c_d,398,13,22,190,23,104,35,6,8,9,16.07.2019,27.07.2019,197,208,2025,11,"48,17","4,38",0,23923,6373371528,885,88975,3636684989,5349848396,524
7730_2_U,7730_2,Urban,c,settlement,d,c_d,NA,NA,NA,NA,NA,NA,NA,NA,NA,10,29.07.2019,13.08.2019,210,225,2175,15,"29,15","1,94",0,2034070573,7707983854,885,88975,3636684989,5349848396,524
7835_1_F,7835_1,Urban,c,forest,a,c_a,NA,NA,NA,NA,NA,NA,NA,NA,NA,3,17.04.2019,02.05.2019,107,122,1145,15,"53,15","3,54",0,1235340365,6167490104,9457666667,9789722222,3687213718,5342494493,509
7835_1_F,7835_1,Urban,c,forest,a,c_a,NA,NA,NA,NA,NA,NA,NA,NA,NA,4,02.05.2019,16.05.2019,122,136,129,14,"18,84","1,35",0,8940130556,7831399167,9457666667,9789722222,3687213718,5342494493,509
7835_1_F,7835_1,Urban,c,forest,a,c_a,502,11,24,297,23,122,26,0,8,5,16.05.2019,27.05.2019,136,147,1415,11,"35,64","3,24",0,1358985069,8029897222,9457666667,9789722222,3687213718,5342494493,509
7835_1_F,7835_1,Urban,c,forest,a,c_a,NA,NA,NA,NA,NA,NA,NA,NA,NA,6,27.05.2019,12.06.2019,147,163,155,16,55,"3,44",0,1739960539,7607511029,9457666667,9789722222,3687213718,5342494493,509
7835_1_F,7835_1,Urban,c,forest,a,c_a,403,11,25,195,22,102,45,0,6,7,12.06.2019,25.06.2019,163,176,1695,13,"41,3","3,18",0,2007320238,7792319643,9457666667,9789722222,3687213718,5342494493,509
7835_1_F,7835_1,Urban,c,forest,a,c_a,NA,NA,NA,NA,NA,NA,NA,NA,NA,8,25.06.2019,09.07.2019,176,190,183,14,NA,NA,1,2173059444,6786165,9457666667,9789722222,3687213718,5342494493,509
7835_1_F,7835_1,Urban,c,forest,a,c_a,511,13,23,268,25,114,56,4,13,9,09.07.2019,01.08.2019,190,213,2015,23,"34,78","1,51",0,2011185417,7573004167,9457666667,9789722222,3687213718,5342494493,509
7835_1_F,7835_1,Urban,c,forest,a,c_a,NA,NA,NA,NA,NA,NA,NA,NA,NA,10,01.08.2019,14.08.2019,213,226,2195,13,"7,08","0,54",0,1914603571,8186471131,9457666667,9789722222,3687213718,5342494493,509
7835_1_G,7835_1,Urban,c,meadow,b,c_b,NA,NA,NA,NA,NA,NA,NA,NA,NA,3,NA,NA,NA,NA,NA,NA,NA,NA,1,NA,NA,9422333333,9816944444,368778302,5342336207,503
7835_1_G,7835_1,Urban,c,meadow,b,c_b,NA,NA,NA,NA,NA,NA,NA,NA,NA,4,02.05.2019,16.05.2019,122,136,129,14,"10,64","0,76",0,8914711111,7864227778,9422333333,9816944444,368778302,5342336207,503
7835_1_G,7835_1,Urban,c,meadow,b,c_b,400,7,13,255,19,88,16,0,4,5,16.05.2019,27.05.2019,136,147,1415,11,"19,34","1,758181818",0,1340173611,8341486458,9422333333,9816944444,368778302,5342336207,503
7835_1_G,7835_1,Urban,c,meadow,b,c_b,NA,NA,NA,NA,NA,NA,NA,NA,NA,6,27.05.2019,12.06.2019,147,163,155,16,"31,29","1,96",0,1713358824,806514951,9422333333,9816944444,368778302,5342336207,503
7835_1_G,7835_1,Urban,c,meadow,b,c_b,450,9,11,260,19,103,44,1,4,7,12.06.2019,25.06.2019,163,176,1695,13,"49,2","3,78",0,2012845238,8044976488,9422333333,9816944444,368778302,5342336207,503
7835_1_G,7835_1,Urban,c,meadow,b,c_b,NA,NA,NA,NA,NA,NA,NA,NA,NA,8,25.06.2019,09.07.2019,176,190,183,14,"66,06","4,72",0,2194756111,7058906389,9422333333,9816944444,368778302,5342336207,503
7835_1_G,7835_1,Urban,c,meadow,b,c_b,488,10,14,280,18,101,50,8,6,9,09.07.2019,01.08.2019,190,213,2015,23,"47,18","2,05",0,2028848264,7749382986,9422333333,9816944444,368778302,5342336207,503
7835_1_G,7835_1,Urban,c,meadow,b,c_b,NA,NA,NA,NA,NA,NA,NA,NA,NA,10,NA,NA,NA,NA,NA,NA,NA,NA,1,NA,NA,9422333333,9816944444,368778302,5342336207,503
7835_1_U,7835_1,Urban,c,settlement,d,c_d,NA,NA,NA,NA,NA,NA,NA,NA,NA,3,NA,NA,NA,NA,NA,NA,NA,NA,1,NA,NA,9579666667,9894166667,368756681,534035237,510
7835_1_U,7835_1,Urban,c,settlement,d,c_d,NA,NA,NA,NA,NA,NA,NA,NA,NA,4,02.05.2019,16.05.2019,NA,NA,NA,NA,NA,NA,1,8937533333,74636225,9579666667,9894166667,368756681,534035237,510
7835_1_U,7835_1,Urban,c,settlement,d,c_d,NA,NA,NA,NA,NA,NA,NA,NA,NA,5,NA,NA,NA,NA,NA,NA,NA,NA,1,1359573264,7802863194,9579666667,9894166667,368756681,534035237,510
7835_1_U,7835_1,Urban,c,settlement,d,c_d,NA,NA,NA,NA,NA,NA,NA,NA,NA,6,27.05.2019,12.06.2019,147,163,155,16,NA,NA,1,1758371324,7312863971,9579666667,9894166667,368756681,534035237,510
7835_1_U,7835_1,Urban,c,settlement,d,c_d,448,11,19,250,14,122,35,0,5,7,25.06.2019,09.07.2019,176,190,183,14,"53,3","3,81",0,2212717778,6502465,9579666667,9894166667,368756681,534035237,510
7835_1_U,7835_1,Urban,c,settlement,d,c_d,NA,NA,NA,NA,NA,NA,NA,NA,NA,8,NA,NA,NA,NA,NA,NA,NA,NA,1,2043794345,7446505357,9579666667,9894166667,368756681,534035237,510
7835_1_U,7835_1,Urban,c,settlement,d,c_d,403,8,20,245,19,72,33,2,6,9,09.07.2019,01.08.2019,190,213,2015,23,"74,03","3,22",0,2050375,7185060069,9579666667,9894166667,368756681,534035237,510
7835_1_U,7835_1,Urban,c,settlement,d,c_d,NA,NA,NA,NA,NA,NA,NA,NA,NA,10,01.08.2019,14.08.2019,213,226,2195,13,"28,94","2,23",0,1961181845,7702564583,9579666667,9894166667,368756681,534035237,510
7837_4_A,7837_4,Semi-natural,a,arable field,c,a_c,NA,NA,NA,NA,NA,NA,NA,NA,NA,3,15.04.2019,01.05.2019,105,121,113,16,5,"0,31",0,1258075245,5788404412,1040533333,8849166667,371997651,5334095938,569
7837_4_A,7837_4,Semi-natural,a,arable field,c,a_c,NA,NA,NA,NA,NA,NA,NA,NA,NA,4,01.05.2019,15.05.2019,121,135,128,14,"2,42","0,17",0,8810377778,7773196111,1040533333,8849166667,371997651,5334095938,569
7837_4_A,7837_4,Semi-natural,a,arable field,c,a_c,191,3,25,89,4,46,11,2,13,5,15.05.2019,29.05.2019,135,149,142,14,"8,27","0,590714286",0,1259050278,8239565833,1040533333,8849166667,371997651,5334095938,569
7837_4_A,7837_4,Semi-natural,a,arable field,c,a_c,NA,NA,NA,NA,NA,NA,NA,NA,NA,6,29.05.2019,13.06.2019,149,164,1565,15,"16,99","1,13",0,1789728385,7286001302,1040533333,8849166667,371997651,5334095938,569
7837_4_A,7837_4,Semi-natural,a,arable field,c,a_c,219,6,20,87,10,57,34,2,6,7,13.06.2019,27.06.2019,164,178,171,14,21,"1,5",0,2113011111,7455063333,1040533333,8849166667,371997651,5334095938,569
7837_4_A,7837_4,Semi-natural,a,arable field,c,a_c,NA,NA,NA,NA,NA,NA,NA,NA,NA,8,27.06.2019,11.07.2019,178,192,185,14,"11,44","0,82",0,1973996944,7177675278,1040533333,8849166667,371997651,5334095938,569
7837_4_A,7837_4,Semi-natural,a,arable field,c,a_c,324,7,15,176,13,62,19,6,25,9,11.07.2019,30.07.2019,192,211,2015,19,"12,33","0,65",0,1993093542,7885434583,1040533333,8849166667,371997651,5334095938,569
7837_4_A,7837_4,Semi-natural,a,arable field,c,a_c,NA,NA,NA,NA,NA,NA,NA,NA,NA,10,30.07.2019,13.08.2019,211,225,218,14,"13,03","0,93",0,1910879444,837479,1040533333,8849166667,371997651,5334095938,569
7837_4_F,7837_4,Semi-natural,a,forest,a,a_a,NA,NA,NA,NA,NA,NA,NA,NA,NA,3,15.04.2019,01.05.2019,105,121,113,16,"14,4","0,9",0,1165357843,6343476716,1022833333,8914722222,3720282483,5335756666,557
7837_4_F,7837_4,Semi-natural,a,forest,a,a_a,NA,NA,NA,NA,NA,NA,NA,NA,NA,4,01.05.2019,15.05.2019,121,135,128,14,"8,34","0,6",0,7975291667,8319105556,1022833333,8914722222,3720282483,5335756666,557
7837_4_F,7837_4,Semi-natural,a,forest,a,a_a,351,6,17,227,8,78,13,0,5,5,15.05.2019,29.05.2019,135,149,142,14,"21,62","1,544285714",0,1180164722,8626695,1022833333,8914722222,3720282483,5335756666,557
7837_4_F,7837_4,Semi-natural,a,forest,a,a_a,NA,NA,NA,NA,NA,NA,NA,NA,NA,6,29.05.2019,13.06.2019,149,164,1565,15,"66,26","4,42",0,168296875,7915598698,1022833333,8914722222,3720282483,5335756666,557
7837_4_F,7837_4,Semi-natural,a,forest,a,a_a,269,7,8,158,8,61,30,2,1,7,13.06.2019,27.06.2019,164,178,171,14,65,"4,64",0,1999375,8073205556,1022833333,8914722222,3720282483,5335756666,557
7837_4_F,7837_4,Semi-natural,a,forest,a,a_a,NA,NA,NA,NA,NA,NA,NA,NA,NA,8,27.06.2019,11.07.2019,178,192,185,14,"74,46","5,32",0,1876705833,7749481944,1022833333,8914722222,3720282483,5335756666,557
7837_4_F,7837_4,Semi-natural,a,forest,a,a_a,384,8,14,233,18,70,24,9,8,9,11.07.2019,30.07.2019,192,211,2015,19,"68,6","3,61",0,1882925,8354887917,1022833333,8914722222,3720282483,5335756666,557
7837_4_F,7837_4,Semi-natural,a,forest,a,a_a,NA,NA,NA,NA,NA,NA,NA,NA,NA,10,30.07.2019,13.08.2019,211,225,218,14,"30,2","2,16",0,1826978333,8749474722,1022833333,8914722222,3720282483,5335756666,557
7837_4_U,7837_4,Semi-natural,a,settlement,d,a_d,NA,NA,NA,NA,NA,NA,NA,NA,NA,3,15.04.2019,29.04.2019,105,119,112,14,"49,75","3,553571429",0,1225202222,5429363611,10736,8765277778,3721707499,5333089328,595
7837_4_U,7837_4,Semi-natural,a,settlement,d,a_d,NA,NA,NA,NA,NA,NA,NA,NA,NA,4,29.04.2019,15.05.2019,119,135,127,16,NA,NA,1,7972708333,7711252696,10736,8765277778,3721707499,5333089328,595
7837_4_U,7837_4,Semi-natural,a,settlement,d,a_d,295,4,10,192,11,69,10,0,2,5,15.05.2019,29.05.2019,135,149,142,14,"31,02","2,215714286",0,1207629167,8031011389,10736,8765277778,3721707499,5333089328,595
7837_4_U,7837_4,Semi-natural,a,settlement,d,a_d,NA,NA,NA,NA,NA,NA,NA,NA,NA,6,29.05.2019,13.06.2019,149,164,1565,15,"50,11","3,34",0,1763991927,711423151,10736,8765277778,3721707499,5333089328,595
7837_4_U,7837_4,Semi-natural,a,settlement,d,a_d,336,5,21,206,10,63,21,6,5,7,13.06.2019,27.06.2019,164,178,171,14,"75,2","5,37",0,2124641389,7131548889,10736,8765277778,3721707499,5333089328,557
7837_4_U,7837_4,Semi-natural,a,settlement,d,a_d,NA,NA,NA,NA,NA,NA,NA,NA,NA,8,27.06.2019,11.07.2019,178,192,185,14,"52,93","3,78",0,2033506667,6400249722,10736,8765277778,3721707499,5333089328,557
7837_4_U,7837_4,Semi-natural,a,settlement,d,a_d,379,7,26,230,14,61,25,11,5,9,11.07.2019,30.07.2019,192,211,2015,19,"61,55","3,24",0,2018869167,727549375,10736,8765277778,3721707499,5333089328,557
7837_4_U,7837_4,Semi-natural,a,settlement,d,a_d,NA,NA,NA,NA,NA,NA,NA,NA,NA,10,30.07.2019,13.08.2019,211,225,218,14,"36,33","2,6",0,1914784444,7907889444,10736,8765277778,3721707499,5333089328,557
7935_2_A,7935_2,Urban,c,arable field,c,c_c,NA,NA,NA,NA,NA,NA,NA,NA,NA,3,NA,NA,NA,NA,NA,NA,NA,NA,1,NA,NA,1050966667,9013333333,3695733137,5327558339,558
7935_2_A,7935_2,Urban,c,arable field,c,c_c,NA,NA,NA,NA,NA,NA,NA,NA,NA,4,29.04.2019,14.05.2019,119,134,1265,15,"4,08","0,27",0,9073651042,7564292188,1050966667,9013333333,3695733137,5327558339,558
7935_2_A,7935_2,Urban,c,arable field,c,c_c,259,2,10,178,9,48,9,0,4,5,14.05.2019,30.05.2019,134,150,142,16,"16,11","1,006875",0,1244711765,7990947304,1050966667,9013333333,3695733137,5327558339,558
7935_2_A,7935_2,Urban,c,arable field,c,c_c,NA,NA,NA,NA,NA,NA,NA,NA,NA,6,30.05.2019,15.06.2019,150,166,158,16,"41,77","2,61",0,1883091422,7129809804,1050966667,9013333333,3695733137,5327558339,558
7935_2_A,7935_2,Urban,c,arable field,c,c_c,268,2,20,158,10,48,25,2,1,7,15.06.2019,03.07.2019,166,184,175,18,"86,9","4,83",0,2158073684,7122498684,1050966667,9013333333,3695733137,5327558339,558
7935_2_A,7935_2,Urban,c,arable field,c,c_c,NA,NA,NA,NA,NA,NA,NA,NA,NA,8,03.07.2019,18.07.2019,184,199,1915,15,"75,51","5,034",0,1851370052,7076207292,1050966667,9013333333,3695733137,5327558339,558
7935_2_A,7935_2,Urban,c,arable field,c,c_c,483,14,23,293,23,79,32,5,15,9,18.07.2019,29.07.2019,199,210,2045,11,"74,96","6,81",0,2295441667,6946830208,1050966667,9013333333,3695733137,5327558339,558
7935_2_A,7935_2,Urban,c,arable field,c,c_c,NA,NA,NA,NA,NA,NA,NA,NA,NA,10,NA,NA,NA,NA,NA,NA,NA,NA,1,NA,NA,1050966667,9013333333,3695733137,5327558339,558
7935_2_F,7935_2,Urban,c,forest,a,c_a,NA,NA,NA,NA,NA,NA,NA,NA,NA,3,16.04.2019,30.04.2019,106,120,113,14,"31,96","2,28",0,1125335556,6242611111,1024066667,9296666667,3692920185,5330677611,551
7935_2_F,7935_2,Urban,c,forest,a,c_a,NA,NA,NA,NA,NA,NA,NA,NA,NA,4,30.04.2019,14.05.2019,120,134,127,14,NA,NA,1,8307677778,4341087222,1024066667,9296666667,3692920185,5330677611,551
7935_2_F,7935_2,Urban,c,forest,a,c_a,485,5,23,308,15,106,15,4,11,5,14.05.2019,30.05.2019,134,150,142,16,"23,9","1,49375",0,1135285784,8713051471,1024066667,9296666667,3692920185,5330677611,551
7935_2_F,7935_2,Urban,c,forest,a,c_a,NA,NA,NA,NA,NA,NA,NA,NA,NA,6,30.05.2019,15.06.2019,150,166,158,16,"56,44","3,53",0,1706659559,8010333824,1024066667,9296666667,3692920185,5330677611,551
7935_2_F,7935_2,Urban,c,forest,a,c_a,656,12,18,403,13,151,48,7,9,7,15.06.2019,03.07.2019,166,184,175,18,90,5,0,1955598026,8196629386,1024066667,9296666667,3692920185,5330677611,551
7935_2_F,7935_2,Urban,c,forest,a,c_a,NA,NA,NA,NA,NA,NA,NA,NA,NA,8,03.07.2019,18.07.2019,184,199,1915,15,"51,72","3,448",0,1676844531,72325,1024066667,9296666667,3692920185,5330677611,551
7935_2_F,7935_2,Urban,c,forest,a,c_a,530,6,17,333,10,123,22,7,10,9,18.07.2019,29.07.2019,199,210,2045,11,"28,72","2,61",0,2079920833,77685625,1024066667,9296666667,3692920185,5330677611,551
7935_2_F,7935_2,Urban,c,forest,a,c_a,NA,NA,NA,NA,NA,NA,NA,NA,NA,10,29.07.2019,11.08.2019,210,223,2165,13,"14,88","1,14",0,1759730655,9490284226,1024066667,9296666667,3692920185,5330677611,551
7935_2_U,7935_2,Urban,c,settlement,d,c_d,NA,NA,NA,NA,NA,NA,NA,NA,NA,3,16.04.2019,30.04.2019,106,120,113,14,"14,36","1,03",0,1166352222,6066046944,1045133333,9053055556,3697569104,5328094324,553
7935_2_U,7935_2,Urban,c,settlement,d,c_d,NA,NA,NA,NA,NA,NA,NA,NA,NA,4,30.04.2019,14.05.2019,120,134,127,14,"3,26","0,23",0,8807366667,7625006389,1045133333,9053055556,3697569104,5328094324,553
7935_2_U,7935_2,Urban,c,settlement,d,c_d,280,7,7,192,13,50,15,0,1,5,14.05.2019,30.05.2019,134,150,142,16,"14,74","0,92125",0,1214393382,7998595588,1045133333,9053055556,3697569104,5328094324,553
7935_2_U,7935_2,Urban,c,settlement,d,c_d,NA,NA,NA,NA,NA,NA,NA,NA,NA,6,30.05.2019,15.06.2019,150,166,158,16,"52,08","3,26",0,1856123284,7083628186,1045133333,9053055556,3697569104,5328094324,553
7935_2_U,7935_2,Urban,c,settlement,d,c_d,312,5,18,196,6,56,28,5,0,7,15.06.2019,03.07.2019,166,184,175,18,"57,4","3,19",0,2140709649,7025582675,1045133333,9053055556,3697569104,5328094324,553
7935_2_U,7935_2,Urban,c,settlement,d,c_d,NA,NA,NA,NA,NA,NA,NA,NA,NA,8,03.07.2019,18.07.2019,184,199,1915,15,"41,58","2,77",0,1801413542,7071000521,1045133333,9053055556,3697569104,5328094324,553
7935_2_U,7935_2,Urban,c,settlement,d,c_d,361,6,18,221,17,61,34,1,2,9,18.07.2019,29.07.2019,199,210,2045,11,"39,48","3,59",0,2277123958,6957352431,1045133333,9053055556,3697569104,5328094324,553
7935_2_U,7935_2,Urban,c,settlement,d,c_d,NA,NA,NA,NA,NA,NA,NA,NA,NA,10,29.07.2019,11.08.2019,210,223,2165,13,"26,91","2,07",0,2010692262,7889152083,1045133333,9053055556,3697569104,5328094324,553
8030_1_A,8030_1,Agricultural,b,arable field,c,b_c,NA,NA,NA,NA,NA,NA,NA,NA,NA,3,NA,NA,NA,NA,NA,NA,NA,NA,1,NA,NA,1012333333,8459444444,362541423,5316923571,638
8030_1_A,8030_1,Agricultural,b,arable field,c,b_c,NA,NA,NA,NA,NA,NA,NA,NA,NA,4,NA,NA,NA,NA,NA,NA,NA,NA,1,NA,NA,1012333333,8459444444,362541423,5316923571,638
8030_1_A,8030_1,Agricultural,b,arable field,c,b_c,265,4,15,153,7,73,6,2,6,5,23.05.2019,04.06.2019,143,155,149,12,"48,72","4,06",0,157539359,7853361538,1012333333,8459444444,362541423,5316923571,638
8030_1_A,8030_1,Agricultural,b,arable field,c,b_c,NA,NA,NA,NA,NA,NA,NA,NA,NA,6,04.06.2019,19.06.2019,155,170,1625,15,NA,NA,1,18452125,7839899479,1012333333,8459444444,362541423,5316923571,638
8030_1_A,8030_1,Agricultural,b,arable field,c,b_c,222,2,11,123,4,58,11,1,10,7,19.06.2019,01.07.2019,170,182,176,12,"32,2","2,68",0,2205530128,7664082051,1012333333,8459444444,362541423,5316923571,638
8030_1_A,8030_1,Agricultural,b,arable field,c,b_c,NA,NA,NA,NA,NA,NA,NA,NA,NA,8,01.07.2019,16.07.2019,182,197,1895,15,"14,22","0,95",0,1803176042,7712442708,1012333333,8459444444,362541423,5316923571,638
8030_1_A,8030_1,Agricultural,b,arable field,c,b_c,307,3,22,153,13,78,19,5,11,9,16.07.2019,29.07.2019,197,210,2035,13,"12,3","0,95",0,2218630357,7015158929,1012333333,8459444444,362541423,5316923571,638
8030_1_A,8030_1,Agricultural,b,arable field,c,b_c,NA,NA,NA,NA,NA,NA,NA,NA,NA,10,29.07.2019,12.08.2019,210,224,217,14,"13,15","0,94",0,1964494444,7919545833,1012333333,8459444444,362541423,5316923571,638
8030_1_F,8030_1,Agricultural,b,forest,a,b_a,NA,NA,NA,NA,NA,NA,NA,NA,NA,3,26.04.2019,02.05.2019,116,122,119,6,"6,56","1,09",0,8720196429,782894881,10248,8385833333,3625253598,5315233216,650
8030_1_F,8030_1,Agricultural,b,forest,a,b_a,NA,NA,NA,NA,NA,NA,NA,NA,NA,4,NA,NA,NA,NA,NA,NA,NA,NA,1,NA,NA,10248,8385833333,3625253598,5315233216,650
8030_1_F,8030_1,Agricultural,b,forest,a,b_a,566,4,20,382,11,113,28,1,7,5,23.05.2019,04.06.2019,143,155,149,12,"63,33","5,2775",0,1585438141,7712258013,10248,8385833333,3625253598,5315233216,650
8030_1_F,8030_1,Agricultural,b,forest,a,b_a,NA,NA,NA,NA,NA,NA,NA,NA,NA,6,04.06.2019,20.06.2019,155,171,163,16,"118,65","7,42",0,1852151716,765817402,10248,8385833333,3625253598,5315233216,650
8030_1_F,8030_1,Agricultural,b,forest,a,b_a,583,13,26,370,14,95,66,0,6,7,20.06.2019,01.07.2019,171,182,1765,11,"121,2","11,02",0,2193755208,7534871875,10248,8385833333,3625253598,5315233216,650
8030_1_F,8030_1,Agricultural,b,forest,a,b_a,NA,NA,NA,NA,NA,NA,NA,NA,NA,8,01.07.2019,16.07.2019,182,197,1895,15,"100,64","6,71",0,1796480208,7645073958,10248,8385833333,3625253598,5315233216,650
8030_1_F,8030_1,Agricultural,b,forest,a,b_a,598,16,17,393,8,106,51,8,6,9,16.07.2019,29.07.2019,197,210,2035,13,"200,2","15,4",0,2191537202,7014272321,10248,8385833333,3625253598,5315233216,650
8030_1_F,8030_1,Agricultural,b,forest,a,b_a,NA,NA,NA,NA,NA,NA,NA,NA,NA,10,29.07.2019,12.08.2019,210,224,217,14,"83,79","5,99",0,1919178889,8148225556,10248,8385833333,3625253598,5315233216,650
8030_1_G,8030_1,Agricultural,b,meadow,b,b_b,NA,NA,NA,NA,NA,NA,NA,NA,NA,3,12.04.2019,02.05.2019,102,122,112,20,"36,78","1,84",0,8899714286,6995271429,10114,8468611111,362595882,5316807499,636
8030_1_G,8030_1,Agricultural,b,meadow,b,b_b,NA,NA,NA,NA,NA,NA,NA,NA,NA,4,NA,NA,NA,NA,NA,NA,NA,NA,1,8529625,8195753788,10114,8468611111,362595882,5316807499,636
8030_1_G,8030_1,Agricultural,b,meadow,b,b_b,301,2,13,214,4,46,16,0,7,5,23.05.2019,04.06.2019,143,155,149,12,"73,88","6,156666667",0,1497813782,7623948718,10114,8468611111,362595882,5316807499,636
8030_1_G,8030_1,Agricultural,b,meadow,b,b_b,NA,NA,NA,NA,NA,NA,NA,NA,NA,6,04.06.2019,19.06.2019,155,170,1625,15,"38,65","2,58",0,1754086198,7537252604,10114,8468611111,362595882,5316807499,636
8030_1_G,8030_1,Agricultural,b,meadow,b,b_b,286,3,26,177,7,43,19,3,6,7,19.06.2019,01.07.2019,170,182,176,12,27,"2,25",0,2091925,7414210256,10114,8468611111,362595882,5316807499,636
8030_1_G,8030_1,Agricultural,b,meadow,b,b_b,NA,NA,NA,NA,NA,NA,NA,NA,NA,8,01.07.2019,16.07.2019,182,197,1895,15,"44,47","2,96",0,1674473698,7734427604,10114,8468611111,362595882,5316807499,636
8030_1_G,8030_1,Agricultural,b,meadow,b,b_b,259,3,7,158,6,47,22,7,7,9,16.07.2019,29.07.2019,197,210,2035,13,"58,9","4,53",0,2071889583,7144042857,10114,8468611111,362595882,5316807499,636
8030_1_G,8030_1,Agricultural,b,meadow,b,b_b,NA,NA,NA,NA,NA,NA,NA,NA,NA,10,29.07.2019,12.08.2019,210,224,217,14,"36,76","2,63",0,1825248611,8035539444,10114,8468611111,362595882,5316807499,636
8130_2_A,8130_2,Semi-natural,a,arable field,c,a_c,NA,NA,NA,NA,NA,NA,NA,NA,NA,3,12.04.2019,29.04.2019,102,119,1105,17,"26,02","1,53",0,116485787,609227037,1097366667,8193611111,3636698085,5306908337,724
8130_2_A,8130_2,Semi-natural,a,arable field,c,a_c,NA,NA,NA,NA,NA,NA,NA,NA,NA,4,29.04.2019,16.05.2019,NA,NA,NA,NA,NA,NA,1,6822263889,8411444444,1097366667,8193611111,3636698085,5306908337,724
8130_2_A,8130_2,Semi-natural,a,arable field,c,a_c,396,3,35,225,17,101,8,0,9,5,16.05.2019,29.05.2019,136,149,1425,13,"14,48","1,113846154",0,1116165476,8706655655,1097366667,8193611111,3636698085,5306908337,724
8130_2_A,8130_2,Semi-natural,a,arable field,c,a_c,NA,NA,NA,NA,NA,NA,NA,NA,NA,6,29.05.2019,12.06.2019,149,163,156,14,"42,38","3,03",0,1603961667,7800154444,1097366667,8193611111,3636698085,5306908337,724
8130_2_A,8130_2,Semi-natural,a,arable field,c,a_c,487,5,37,285,23,99,28,3,7,7,12.06.2019,27.06.2019,163,178,1705,15,"55,5","3,7",0,1911640885,8011544271,1097366667,8193611111,3636698085,5306908337,724
8130_2_A,8130_2,Semi-natural,a,arable field,c,a_c,NA,NA,NA,NA,NA,NA,NA,NA,NA,8,27.06.2019,15.07.2019,178,196,187,18,"72,56","4,03",0,1786007456,7799333333,1097366667,8193611111,3636698085,5306908337,724
8130_2_A,8130_2,Semi-natural,a,arable field,c,a_c,528,9,18,300,22,131,25,7,15,9,15.07.2019,29.07.2019,196,210,203,14,"57,12","4,08",0,2009798889,7551091111,1097366667,8193611111,3636698085,5306908337,724
8130_2_A,8130_2,Semi-natural,a,arable field,c,a_c,NA,NA,NA,NA,NA,NA,NA,NA,NA,10,29.07.2019,13.08.2019,210,225,2175,15,"34,16","2,28",0,1778528646,8597338542,1097366667,8193611111,3636698085,5306908337,724
8130_2_F,8130_2,Semi-natural,a,forest,a,a_a,NA,NA,NA,NA,NA,NA,NA,NA,NA,3,12.04.2019,29.04.2019,102,119,1105,17,"18,51","1,09",0,1180609028,5785455787,1161333333,7925,3635619124,5306045237,776
8130_2_F,8130_2,Semi-natural,a,forest,a,a_a,NA,NA,NA,NA,NA,NA,NA,NA,NA,4,29.04.2019,16.05.2019,119,136,1275,17,"3,86","0,227058824",0,6309229167,8610783102,1161333333,7925,3635619124,5306045237,776
8130_2_F,8130_2,Semi-natural,a,forest,a,a_a,229,0,12,151,4,46,9,0,6,5,16.05.2019,29.05.2019,136,149,1425,13,"15,59","1,199230769",0,1067771131,879486756,1161333333,7925,3635619124,5306045237,776
8130_2_F,8130_2,Semi-natural,a,forest,a,a_a,NA,NA,NA,NA,NA,NA,NA,NA,NA,6,29.05.2019,12.06.2019,149,163,156,14,"35,23","2,52",0,1509468611,7908184444,1161333333,7925,3635619124,5306045237,776
8130_2_F,8130_2,Semi-natural,a,forest,a,a_a,531,7,26,327,15,110,36,2,12,7,12.06.2019,27.06.2019,163,178,1705,15,"70,6","4,71",0,1808285938,829853151,1161333333,7925,3635619124,5306045237,776
8130_2_F,8130_2,Semi-natural,a,forest,a,a_a,NA,NA,NA,NA,NA,NA,NA,NA,NA,8,27.06.2019,15.07.2019,178,196,187,18,"69,11","3,84",0,1694482895,7971426535,1161333333,7925,3635619124,5306045237,776
8130_2_F,8130_2,Semi-natural,a,forest,a,a_a,443,8,17,271,12,103,26,1,6,9,15.07.2019,29.07.2019,196,210,203,14,"68,64","4,9",0,1896404167,7765148333,1161333333,7925,3635619124,5306045237,776
8130_2_F,8130_2,Semi-natural,a,forest,a,a_a,NA,NA,NA,NA,NA,NA,NA,NA,NA,10,29.07.2019,13.08.2019,210,225,2175,15,"42,42","2,83",0,1655225521,9059785156,1161333333,7925,3635619124,5306045237,776
8130_2_G,8130_2,Semi-natural,a,meadow,b,a_b,NA,NA,NA,NA,NA,NA,NA,NA,NA,3,12.04.2019,29.04.2019,102,119,1105,17,"20,97","1,23",0,1208337731,5812609722,1189666667,7878333333,3637047027,5305067701,742
8130_2_G,8130_2,Semi-natural,a,meadow,b,a_b,NA,NA,NA,NA,NA,NA,NA,NA,NA,4,29.04.2019,17.05.2019,119,137,128,18,"41,93","2,33",0,6997357456,8325566009,1189666667,7878333333,3637047027,5305067701,742
8130_2_G,8130_2,Semi-natural,a,meadow,b,a_b,280,1,9,203,2,49,8,0,8,5,17.05.2019,29.05.2019,137,149,143,12,"24,1","2,008333333",0,1164495192,8602383333,1189666667,7878333333,3637047027,5305067701,742
8130_2_G,8130_2,Semi-natural,a,meadow,b,a_b,NA,NA,NA,NA,NA,NA,NA,NA,NA,6,29.05.2019,12.06.2019,149,163,156,14,"52,07","3,72",0,1579186111,788192,1189666667,7878333333,3637047027,5305067701,742
8130_2_G,8130_2,Semi-natural,a,meadow,b,a_b,302,5,20,206,6,40,21,3,2,7,12.06.2019,27.06.2019,163,178,1705,15,197,"13,13",0,187191849,8197328125,1189666667,7878333333,3637047027,5305067701,742
8130_2_G,8130_2,Semi-natural,a,meadow,b,a_b,NA,NA,NA,NA,NA,NA,NA,NA,NA,8,27.06.2019,15.07.2019,178,196,187,18,"103,89","5,77",0,1762672368,7767643421,1189666667,7878333333,3637047027,5305067701,742
8130_2_G,8130_2,Semi-natural,a,meadow,b,a_b,374,12,14,247,13,42,36,10,3,9,15.07.2019,29.07.2019,196,210,203,14,"75,03","5,36",0,1976907778,7451218056,1189666667,7878333333,3637047027,5305067701,742
8130_2_G,8130_2,Semi-natural,a,meadow,b,a_b,NA,NA,NA,NA,NA,NA,NA,NA,NA,10,29.07.2019,13.08.2019,210,225,2175,15,"45,48","3,03",0,1748446354,8436255729,1189666667,7878333333,3637047027,5305067701,742
8131_3_F,8131_3,Urban,c,forest,a,c_a,NA,NA,NA,NA,NA,NA,NA,NA,NA,3,16.04.2019,06.05.2019,106,126,116,20,"14,18","0,71",0,8306359127,7392743452,11432,8255833333,3643211559,5300012665,761
8131_3_F,8131_3,Urban,c,forest,a,c_a,NA,NA,NA,NA,NA,NA,NA,NA,NA,4,NA,NA,NA,NA,NA,NA,NA,NA,1,8848647569,8471614236,11432,8255833333,3643211559,5300012665,761
8131_3_F,8131_3,Urban,c,forest,a,c_a,NA,NA,NA,NA,NA,NA,NA,NA,NA,5,29.05.2019,05.06.2019,149,156,1525,7,"16,56","2,365714286",0,1503173958,7741290104,11432,8255833333,3643211559,5300012665,761
8131_3_F,8131_3,Urban,c,forest,a,c_a,NA,NA,NA,NA,NA,NA,NA,NA,NA,6,05.06.2019,19.06.2019,156,170,163,14,"32,13","2,3",0,1651420556,7812830278,11432,8255833333,3643211559,5300012665,761
8131_3_F,8131_3,Urban,c,forest,a,c_a,498,13,21,299,14,112,31,2,13,7,19.06.2019,02.07.2019,170,183,1765,13,"47,6","3,66",0,1933956548,7891377381,11432,8255833333,3643211559,5300012665,761
8131_3_F,8131_3,Urban,c,forest,a,c_a,NA,NA,NA,NA,NA,NA,NA,NA,NA,8,02.07.2019,16.07.2019,183,197,190,14,"42,97","3,07",0,1538757778,8117338611,11432,8255833333,3643211559,5300012665,761
8131_3_F,8131_3,Urban,c,forest,a,c_a,340,8,14,222,6,64,15,8,5,9,16.07.2019,29.07.2019,197,210,2035,13,"44,48","3,42",0,1919767262,7492299405,11432,8255833333,3643211559,5300012665,761
8131_3_F,8131_3,Urban,c,forest,a,c_a,NA,NA,NA,NA,NA,NA,NA,NA,NA,10,29.07.2019,13.08.2019,210,225,2175,15,"33,37","2,22",0,1676321615,8705676563,11432,8255833333,3643211559,5300012665,761
8131_3_G,8131_3,Urban,c,meadow,b,c_b,NA,NA,NA,NA,NA,NA,NA,NA,NA,3,16.04.2019,06.05.2019,106,126,116,20,"48,06","2,4",0,944944246,7184360317,11432,8255833333,3642743789,5300243427,730
8131_3_G,8131_3,Urban,c,meadow,b,c_b,NA,NA,NA,NA,NA,NA,NA,NA,NA,4,NA,NA,NA,NA,NA,NA,NA,NA,1,9241188596,8410676316,11432,8255833333,3642743789,5300243427,730
8131_3_G,8131_3,Urban,c,meadow,b,c_b,395,4,19,255,14,91,12,0,3,5,24.05.2019,06.06.2019,144,157,1505,13,"38,19","2,937692308",0,1493750595,8198502976,11432,8255833333,3642743789,5300243427,730
8131_3_G,8131_3,Urban,c,meadow,b,c_b,NA,NA,NA,NA,NA,NA,NA,NA,NA,6,06.06.2019,19.06.2019,157,170,1635,13,"60,94","4,69",0,1740449107,7987732738,11432,8255833333,3642743789,5300243427,730
8131_3_G,8131_3,Urban,c,meadow,b,c_b,377,7,23,219,15,73,29,5,4,7,19.06.2019,02.07.2019,170,183,1765,13,"83,8","6,45",0,2063999107,789798631,11432,8255833333,3642743789,5300243427,730
8131_3_G,8131_3,Urban,c,meadow,b,c_b,NA,NA,NA,NA,NA,NA,NA,NA,NA,8,02.07.2019,16.07.2019,183,197,190,14,"63,54","4,54",0,1635097222,8166193056,11432,8255833333,3642743789,5300243427,730
8131_3_G,8131_3,Urban,c,meadow,b,c_b,207,7,14,102,6,59,11,8,2,9,16.07.2019,29.07.2019,197,210,2035,13,"67,5","5,19",0,2064568452,7361151786,11432,8255833333,3642743789,5300243427,730
8131_3_G,8131_3,Urban,c,meadow,b,c_b,NA,NA,NA,NA,NA,NA,NA,NA,NA,10,29.07.2019,13.08.2019,210,225,2175,15,"36,53","2,44",0,1801359896,8637601563,11432,8255833333,3642743789,5300243427,730
8131_3_U,8131_3,Urban,c,settlement,d,c_d,NA,NA,NA,NA,NA,NA,NA,NA,NA,3,17.04.2019,06.05.2019,107,126,1165,19,"28,86","1,52",0,1060314375,664556125,1123466667,8301666667,3641493426,5298626245,728
8131_3_U,8131_3,Urban,c,settlement,d,c_d,NA,NA,NA,NA,NA,NA,NA,NA,NA,4,NA,NA,NA,NA,NA,NA,NA,NA,1,9886758772,7935182018,1123466667,8301666667,3641493426,5298626245,728
8131_3_U,8131_3,Urban,c,settlement,d,c_d,319,5,8,222,12,56,15,0,2,5,24.05.2019,05.06.2019,144,156,150,12,"56,57","4,714166667",0,1587720192,7572759615,1123466667,8301666667,3641493426,5298626245,728
8131_3_U,8131_3,Urban,c,settlement,d,c_d,NA,NA,NA,NA,NA,NA,NA,NA,NA,6,05.06.2019,19.06.2019,156,170,163,14,"115,51","8,25",0,1857561667,7323321667,1123466667,8301666667,3641493426,5298626245,728
8131_3_U,8131_3,Urban,c,settlement,d,c_d,406,9,32,246,17,56,31,7,10,7,19.06.2019,02.07.2019,170,183,1765,13,75,"5,77",0,2160794643,7289660119,1123466667,8301666667,3641493426,5298626245,728
8131_3_U,8131_3,Urban,c,settlement,d,c_d,NA,NA,NA,NA,NA,NA,NA,NA,NA,8,02.07.2019,16.07.2019,183,197,190,14,"48,99","3,5",0,1738811111,7563210833,1123466667,8301666667,3641493426,5298626245,728
8131_3_U,8131_3,Urban,c,settlement,d,c_d,340,12,19,166,18,90,24,10,5,9,16.07.2019,30.07.2019,197,211,204,14,"53,29","3,806428571",0,21649925,6828264444,1123466667,8301666667,3641493426,5298626245,728
8131_3_U,8131_3,Urban,c,settlement,d,c_d,NA,NA,NA,NA,NA,NA,NA,NA,NA,10,30.07.2019,13.08.2019,211,225,218,14,"36,96","2,64",0,1866430556,8118860278,1123466667,8301666667,3641493426,5298626245,728
8141_2_F,8141_2,Urban,c,forest,a,c_a,NA,NA,NA,NA,NA,NA,NA,NA,NA,3,NA,NA,NA,NA,NA,NA,NA,NA,1,NA,NA,1369566667,8756666667,3772776956,5312871513,620
8141_2_F,8141_2,Urban,c,forest,a,c_a,NA,NA,NA,NA,NA,NA,NA,NA,NA,4,NA,NA,NA,NA,NA,NA,NA,NA,1,NA,NA,1369566667,8756666667,3772776956,5312871513,620
8141_2_F,8141_2,Urban,c,forest,a,c_a,375,1,24,262,7,67,7,0,6,5,15.05.2019,03.06.2019,135,154,1445,19,"32,4","1,705263158",0,1289911667,8731094375,1369566667,8756666667,3772776956,5312871513,620
8141_2_F,8141_2,Urban,c,forest,a,c_a,NA,NA,NA,NA,NA,NA,NA,NA,NA,6,03.06.2019,19.06.2019,154,170,162,16,"75,45","4,72",0,1904869853,7603126961,1369566667,8756666667,3772776956,5312871513,620
8141_2_F,8141_2,Urban,c,forest,a,c_a,492,7,30,334,18,67,34,0,5,7,19.06.2019,04.07.2019,170,185,1775,15,"106,6","7,11",0,2058591406,7563013542,1369566667,8756666667,3772776956,5312871513,620
8141_2_F,8141_2,Urban,c,forest,a,c_a,NA,NA,NA,NA,NA,NA,NA,NA,NA,8,04.07.2019,19.07.2019,185,200,1925,15,"69,27","4,62",0,1717650781,7885627344,1369566667,8756666667,3772776956,5312871513,620
8141_2_F,8141_2,Urban,c,forest,a,c_a,540,6,31,340,16,109,20,6,10,9,19.07.2019,05.08.2019,200,217,2085,17,"52,06","3,06",0,1982860417,8179364583,1369566667,8756666667,3772776956,5312871513,620
8141_2_F,8141_2,Urban,c,forest,a,c_a,NA,NA,NA,NA,NA,NA,NA,NA,NA,10,05.08.2019,21.08.2019,217,233,225,16,"47,73","2,98",0,1813955392,8569347059,1369566667,8756666667,3772776956,5312871513,620
8141_2_G,8141_2,Urban,c,meadow,b,c_b,NA,NA,NA,NA,NA,NA,NA,NA,NA,3,NA,NA,NA,NA,NA,NA,NA,NA,1,NA,NA,14204,8794722222,377107297,5311461642,612
8141_2_G,8141_2,Urban,c,meadow,b,c_b,NA,NA,NA,NA,NA,NA,NA,NA,NA,4,NA,NA,NA,NA,NA,NA,NA,NA,1,NA,NA,14204,8794722222,377107297,5311461642,612
8141_2_G,8141_2,Urban,c,meadow,b,c_b,193,0,6,143,2,28,5,0,8,5,14.05.2019,03.06.2019,134,154,144,20,"34,22","1,711",0,1351856746,7798239881,14204,8794722222,377107297,5311461642,612
8141_2_G,8141_2,Urban,c,meadow,b,c_b,NA,NA,NA,NA,NA,NA,NA,NA,NA,6,03.06.2019,19.06.2019,154,170,162,16,"79,8","4,99",0,206411299,6958213235,14204,8794722222,377107297,5311461642,612
8141_2_G,8141_2,Urban,c,meadow,b,c_b,233,3,9,157,7,30,17,4,4,7,19.06.2019,04.07.2019,170,185,1775,15,"98,1","6,54",0,2281315885,6507326302,14204,8794722222,377107297,5311461642,612
8141_2_G,8141_2,Urban,c,meadow,b,c_b,NA,NA,NA,NA,NA,NA,NA,NA,NA,8,04.07.2019,19.07.2019,185,200,1925,15,"45,75","3,05",0,1837967969,7208389323,14204,8794722222,377107297,5311461642,612
8141_2_G,8141_2,Urban,c,meadow,b,c_b,317,7,13,197,7,53,27,10,5,9,19.07.2019,05.08.2019,200,217,2085,17,"93,53","5,5",0,2143626389,7474239815,14204,8794722222,377107297,5311461642,612
8141_2_G,8141_2,Urban,c,meadow,b,c_b,NA,NA,NA,NA,NA,NA,NA,NA,NA,10,05.08.2019,21.08.2019,217,233,225,16,"36,53","2,28",0,1932534314,8013019608,14204,8794722222,377107297,5311461642,612
8141_2_U,8141_2,Urban,c,settlement,d,c_d,NA,NA,NA,NA,NA,NA,NA,NA,NA,3,NA,NA,NA,NA,NA,NA,NA,NA,1,NA,NA,14675,8951388889,3771849898,5309302646,616
8141_2_U,8141_2,Urban,c,settlement,d,c_d,NA,NA,NA,NA,NA,NA,NA,NA,NA,4,NA,NA,NA,NA,NA,NA,NA,NA,1,NA,NA,14675,8951388889,3771849898,5309302646,616
8141_2_U,8141_2,Urban,c,settlement,d,c_d,284,3,8,204,11,42,11,0,7,5,15.05.2019,03.06.2019,135,154,1445,19,"30,74","1,617894737",0,138126125,7496494792,14675,8951388889,3771849898,5309302646,616
8141_2_U,8141_2,Urban,c,settlement,d,c_d,NA,NA,NA,NA,NA,NA,NA,NA,NA,6,03.06.2019,19.06.2019,154,170,162,16,"49,68","3,11",0,2074720588,65752375,14675,8951388889,3771849898,5309302646,616
8141_2_U,8141_2,Urban,c,settlement,d,c_d,391,10,20,239,23,61,37,3,3,7,19.06.2019,04.07.2019,170,185,1775,15,"64,5","4,3",0,228105625,6258193229,14675,8951388889,3771849898,5309302646,616
8141_2_U,8141_2,Urban,c,settlement,d,c_d,NA,NA,NA,NA,NA,NA,NA,NA,NA,8,04.07.2019,19.07.2019,185,200,1925,15,"44,65","2,98",0,1874033333,6801671615,14675,8951388889,3771849898,5309302646,616
8141_2_U,8141_2,Urban,c,settlement,d,c_d,352,12,21,214,19,60,22,5,4,9,19.07.2019,05.08.2019,200,217,2085,17,"59,99","3,53",0,2160905556,7090299306,14675,8951388889,3771849898,5309302646,616
8141_2_U,8141_2,Urban,c,settlement,d,c_d,NA,NA,NA,NA,NA,NA,NA,NA,NA,10,05.08.2019,21.08.2019,217,233,225,16,"68,42","4,28",0,1950060784,7542334804,14675,8951388889,3771849898,5309302646,616
8229_2_F,8229_2,Urban,c,forest,a,c_a,NA,NA,NA,NA,NA,NA,NA,NA,NA,3,NA,NA,NA,NA,NA,NA,NA,NA,1,NA,NA,12212,7868888889,3623495913,5293128406,807
8229_2_F,8229_2,Urban,c,forest,a,c_a,NA,NA,NA,NA,NA,NA,NA,NA,NA,4,01.05.2019,17.05.2019,121,137,129,16,"3,17","0,2",0,6623208333,7985510784,12212,7868888889,3623495913,5293128406,807
8229_2_F,8229_2,Urban,c,forest,a,c_a,353,2,13,232,8,78,11,0,10,5,17.05.2019,03.06.2019,137,154,1455,17,"24,3","1,429411765",0,1244337269,7927865509,12212,7868888889,3623495913,5293128406,807
8229_2_F,8229_2,Urban,c,forest,a,c_a,NA,NA,NA,NA,NA,NA,NA,NA,NA,6,03.06.2019,13.06.2019,154,164,159,10,"24,03","2,403",0,1641864773,7293893561,12212,7868888889,3623495913,5293128406,807
8229_2_F,8229_2,Urban,c,forest,a,c_a,600,11,32,354,9,137,45,2,16,7,13.06.2019,28.06.2019,164,179,1715,15,"56,4","3,76",0,191097474,7431226042,12212,7868888889,3623495913,5293128406,807
8229_2_F,8229_2,Urban,c,forest,a,c_a,NA,NA,NA,NA,NA,NA,NA,NA,NA,8,28.06.2019,15.07.2019,179,196,1875,17,"45,69","2,69",0,17310875,7307225,12212,7868888889,3623495913,5293128406,807
8229_2_F,8229_2,Urban,c,forest,a,c_a,358,15,21,201,17,70,32,6,5,9,15.07.2019,29.07.2019,196,210,203,14,"44,01","3,14",0,1980759167,6987290556,12212,7868888889,3623495913,5293128406,807
8229_2_F,8229_2,Urban,c,forest,a,c_a,NA,NA,NA,NA,NA,NA,NA,NA,NA,10,29.07.2019,12.08.2019,210,224,217,14,"20,87","1,49",0,1741453056,8293461944,12212,7868888889,3623495913,5293128406,807
8229_2_G,8229_2,Urban,c,meadow,b,c_b,NA,NA,NA,NA,NA,NA,NA,NA,NA,3,18.04.2019,01.05.2019,108,121,1145,13,"20,09","1,55",0,1104925595,6376784226,12002,79375,36232563,5292565981,769
8229_2_G,8229_2,Urban,c,meadow,b,c_b,NA,NA,NA,NA,NA,NA,NA,NA,NA,4,01.05.2019,17.05.2019,121,137,129,16,"10,73","0,67",0,734002451,8070185539,12002,79375,36232563,5292565981,769
8229_2_G,8229_2,Urban,c,meadow,b,c_b,283,1,12,199,4,57,5,0,4,5,17.05.2019,03.06.2019,137,154,1455,17,"26,86","1,58",0,1355836806,8029526157,12002,79375,36232563,5292565981,769
8229_2_G,8229_2,Urban,c,meadow,b,c_b,NA,NA,NA,NA,NA,NA,NA,NA,NA,6,03.06.2019,13.06.2019,154,164,159,10,"20,92","2,092",0,1757725758,7441801894,12002,79375,36232563,5292565981,769
8229_2_G,8229_2,Urban,c,meadow,b,c_b,385,4,19,248,20,61,23,4,5,7,13.06.2019,28.06.2019,164,179,1715,15,"68,6","4,57",0,2043284896,758232474,12002,79375,36232563,5292565981,769
8229_2_G,8229_2,Urban,c,meadow,b,c_b,NA,NA,NA,NA,NA,NA,NA,NA,NA,8,28.06.2019,15.07.2019,179,196,1875,17,"64,59","3,8",0,184465463,7326757407,12002,79375,36232563,5292565981,769
8229_2_G,8229_2,Urban,c,meadow,b,c_b,284,4,11,169,4,72,16,5,3,9,15.07.2019,29.07.2019,196,210,203,14,"56,56","4,04",0,2077725556,7199474444,12002,79375,36232563,5292565981,769
8229_2_G,8229_2,Urban,c,meadow,b,c_b,NA,NA,NA,NA,NA,NA,NA,NA,NA,10,29.07.2019,12.08.2019,210,224,217,14,"60,66","4,33",0,1870106667,8185393056,12002,79375,36232563,5292565981,769
8229_2_U,8229_2,Urban,c,settlement,d,c_d,NA,NA,NA,NA,NA,NA,NA,NA,NA,3,18.04.2019,01.05.2019,108,121,1145,13,"17,06","1,31",0,1087455952,6421239286,1225133333,7849722222,3621749876,5294943104,749
8229_2_U,8229_2,Urban,c,settlement,d,c_d,NA,NA,NA,NA,NA,NA,NA,NA,NA,4,01.05.2019,17.05.2019,121,137,129,16,"7,61","0,48",0,747727451,7845381618,1225133333,7849722222,3621749876,5294943104,749
8229_2_U,8229_2,Urban,c,settlement,d,c_d,286,5,13,194,8,52,12,0,5,5,17.05.2019,03.06.2019,137,154,1455,17,"47,63","2,801764706",0,1340702546,7819790972,1225133333,7849722222,3621749876,5294943104,749
8229_2_U,8229_2,Urban,c,settlement,d,c_d,NA,NA,NA,NA,NA,NA,NA,NA,NA,6,03.06.2019,13.06.2019,154,164,159,10,"34,9","3,49",0,175447197,7181948485,1225133333,7849722222,3621749876,5294943104,749
8229_2_U,8229_2,Urban,c,settlement,d,c_d,413,15,19,243,12,92,38,2,4,7,13.06.2019,28.06.2019,164,179,1715,15,"63,1","4,21",0,2017438281,7339231771,1225133333,7849722222,3621749876,5294943104,749
8229_2_U,8229_2,Urban,c,settlement,d,c_d,NA,NA,NA,NA,NA,NA,NA,NA,NA,8,28.06.2019,15.07.2019,179,196,1875,17,"53,27","3,13",0,183191875,7196781713,1225133333,7849722222,3621749876,5294943104,749
8229_2_U,8229_2,Urban,c,settlement,d,c_d,256,8,10,141,6,64,22,5,2,9,15.07.2019,29.07.2019,196,210,203,14,"44,86","3,2",0,2071225278,6977406111,1225133333,7849722222,3621749876,5294943104,749
8229_2_U,8229_2,Urban,c,settlement,d,c_d,NA,NA,NA,NA,NA,NA,NA,NA,NA,10,29.07.2019,12.08.2019,210,224,217,14,"35,75","2,55",0,1865903611,7988569722,1225133333,7849722222,3621749876,5294943104,749
8235_1_F,8235_1,Urban,c,forest,a,c_a,NA,NA,NA,NA,NA,NA,NA,NA,NA,3,13.04.2019,28.04.2019,103,118,1105,15,"42,19","2,81",0,1307204688,5475080729,1452333333,8331388889,369095293,5295601236,652
8235_1_F,8235_1,Urban,c,forest,a,c_a,NA,NA,NA,NA,NA,NA,NA,NA,NA,4,28.04.2019,13.05.2019,118,133,1255,15,"7,72","0,514666667",0,7466984375,8633326823,1452333333,8331388889,369095293,5295601236,652
8235_1_F,8235_1,Urban,c,forest,a,c_a,422,2,15,107,4,92,9,0,13,5,13.05.2019,29.05.2019,133,149,141,16,"16,4","1,025",0,1057556127,8847092892,1452333333,8331388889,369095293,5295601236,652
8235_1_F,8235_1,Urban,c,forest,a,c_a,NA,NA,NA,NA,NA,NA,NA,NA,NA,6,29.05.2019,12.06.2019,149,163,156,14,"47,96","3,43",0,1684163056,7670200278,1452333333,8331388889,369095293,5295601236,652
8235_1_F,8235_1,Urban,c,forest,a,c_a,418,10,22,245,16,97,27,2,5,7,12.06.2019,25.06.2019,163,176,1695,13,"48,2","3,71",0,1887040476,7936595238,1452333333,8331388889,369095293,5295601236,652
8235_1_F,8235_1,Urban,c,forest,a,c_a,NA,NA,NA,NA,NA,NA,NA,NA,NA,8,25.06.2019,16.07.2019,176,197,1865,21,"60,15","2,86",0,1853799811,7833782197,1452333333,8331388889,369095293,5295601236,652
8235_1_F,8235_1,Urban,c,forest,a,c_a,432,11,9,277,7,86,27,8,11,9,16.07.2019,02.08.2019,197,214,2055,17,"71,89","4,23",0,1964424074,8115315972,1452333333,8331388889,369095293,5295601236,652
8235_1_F,8235_1,Urban,c,forest,a,c_a,NA,NA,NA,NA,NA,NA,NA,NA,NA,10,02.08.2019,19.08.2019,214,231,2225,17,"26,97","1,59",0,1737477778,9033131481,1452333333,8331388889,369095293,5295601236,652
8235_1_G,8235_1,Urban,c,meadow,b,c_b,NA,NA,NA,NA,NA,NA,NA,NA,NA,3,13.04.2019,28.04.2019,103,118,1105,15,"3,61","0,24",0,13274375,5230521615,1452333333,8331388889,3690699977,5296060354,650
8235_1_G,8235_1,Urban,c,meadow,b,c_b,NA,NA,NA,NA,NA,NA,NA,NA,NA,4,28.04.2019,11.05.2019,118,131,1245,13,"1,63","0,13",0,7981645833,7864352976,1452333333,8331388889,3690699977,5296060354,650
8235_1_G,8235_1,Urban,c,meadow,b,c_b,186,3,10,289,5,35,10,0,18,5,11.05.2019,29.05.2019,131,149,140,18,"4,08","0,226666667",0,1047097588,84761875,1452333333,8331388889,3690699977,5296060354,650
8235_1_G,8235_1,Urban,c,meadow,b,c_b,NA,NA,NA,NA,NA,NA,NA,NA,NA,6,29.05.2019,12.06.2019,149,163,156,14,"5,98","0,43",0,1736921111,7197103333,1452333333,8331388889,3690699977,5296060354,650
8235_1_G,8235_1,Urban,c,meadow,b,c_b,484,5,14,295,11,108,39,3,8,7,12.06.2019,25.06.2019,163,176,1695,13,"41,7","3,207692308",0,1923209226,7573275298,1452333333,8331388889,3690699977,5296060354,650
8235_1_G,8235_1,Urban,c,meadow,b,c_b,NA,NA,NA,NA,NA,NA,NA,NA,NA,8,25.06.2019,16.07.2019,176,197,1865,21,"9,06","0,43",0,1920021402,7272097917,1452333333,8331388889,3690699977,5296060354,650
8235_1_G,8235_1,Urban,c,meadow,b,c_b,262,7,13,124,9,58,17,14,17,9,16.07.2019,02.08.2019,197,214,2055,17,"12,44","0,73",0,2038676389,755787338,1452333333,8331388889,3690699977,5296060354,650
8235_1_G,8235_1,Urban,c,meadow,b,c_b,NA,NA,NA,NA,NA,NA,NA,NA,NA,10,02.08.2019,19.08.2019,214,231,2225,17,"3,8","0,22",0,1824123843,8182876389,1452333333,8331388889,3690699977,5296060354,650
8235_1_U,8235_1,Urban,c,settlement,d,c_d,NA,NA,NA,NA,NA,NA,NA,NA,NA,3,13.04.2019,28.04.2019,103,118,1105,15,"30,55","2,04",2,NA,NA,1532633333,8067222222,369361633,5294192597,715
8235_1_U,8235_1,Urban,c,settlement,d,c_d,NA,NA,NA,NA,NA,NA,NA,NA,NA,4,28.04.2019,11.05.2019,118,131,1245,13,"12,83","0,99",2,NA,NA,1532633333,8067222222,369361633,5294192597,715
8235_1_U,8235_1,Urban,c,settlement,d,c_d,290,6,4,199,8,66,9,0,3,5,11.05.2019,29.05.2019,131,149,140,18,"24,95","1,386111111",2,NA,NA,1532633333,8067222222,369361633,5294192597,715
8235_1_U,8235_1,Urban,c,settlement,d,c_d,NA,NA,NA,NA,NA,NA,NA,NA,NA,6,29.05.2019,12.06.2019,149,163,156,14,"26,85","1,92",2,NA,NA,1532633333,8067222222,369361633,5294192597,715
8235_1_U,8235_1,Urban,c,settlement,d,c_d,279,3,18,143,12,65,22,0,16,7,12.06.2019,25.06.2019,163,176,1695,13,"7,9","0,61",2,NA,NA,1532633333,8067222222,369361633,5294192597,715
8235_1_U,8235_1,Urban,c,settlement,d,c_d,NA,NA,NA,NA,NA,NA,NA,NA,NA,8,25.06.2019,16.07.2019,176,197,1865,21,"53,73","2,56",2,NA,NA,1532633333,8067222222,369361633,5294192597,715
8235_1_U,8235_1,Urban,c,settlement,d,c_d,342,5,16,187,12,82,32,2,7,9,16.07.2019,02.08.2019,197,214,2055,17,"35,2","2,07",2,NA,NA,1532633333,8067222222,369361633,5294192597,715
8235_1_U,8235_1,Urban,c,settlement,d,c_d,NA,NA,NA,NA,NA,NA,NA,NA,NA,10,02.08.2019,19.08.2019,214,231,2225,17,"28,39","1,67",2,NA,NA,1532633333,8067222222,369361633,5294192597,715
8240_2_F,8240_2,Urban,c,forest,a,c_a,NA,NA,NA,NA,NA,NA,NA,NA,NA,3,NA,NA,NA,NA,NA,NA,NA,NA,1,NA,NA,1801,7080833333,3757205497,5297804607,786
8240_2_F,8240_2,Urban,c,forest,a,c_a,NA,NA,NA,NA,NA,NA,NA,NA,NA,4,NA,NA,NA,NA,NA,NA,NA,NA,1,NA,NA,1801,7080833333,3757205497,5297804607,786
8240_2_F,8240_2,Urban,c,forest,a,c_a,NA,NA,NA,NA,NA,NA,NA,NA,NA,5,15.05.2019,02.06.2019,135,153,144,18,NA,NA,1,1249265351,816051557,1801,7080833333,3757205497,5297804607,786
8240_2_F,8240_2,Urban,c,forest,a,c_a,NA,NA,NA,NA,NA,NA,NA,NA,NA,6,02.06.2019,19.06.2019,153,170,1615,17,"56,36","3,32",0,2035635185,6695787731,1801,7080833333,3757205497,5297804607,786
8240_2_F,8240_2,Urban,c,forest,a,c_a,519,8,16,357,11,74,48,3,6,7,19.06.2019,04.07.2019,170,185,1775,15,99,"6,6",0,222549349,6561277083,1801,7080833333,3757205497,5297804607,786
8240_2_F,8240_2,Urban,c,forest,a,c_a,NA,NA,NA,NA,NA,NA,NA,NA,NA,8,04.07.2019,19.07.2019,185,200,1925,15,"64,83","4,32",0,1773648438,7449917188,1801,7080833333,3757205497,5297804607,786
8240_2_F,8240_2,Urban,c,forest,a,c_a,422,12,20,267,17,58,39,9,4,9,19.07.2019,05.08.2019,200,217,2085,17,"45,56","2,68",0,207024213,7621806944,1801,7080833333,3757205497,5297804607,786
8240_2_F,8240_2,Urban,c,forest,a,c_a,NA,NA,NA,NA,NA,NA,NA,NA,NA,10,05.08.2019,21.08.2019,217,233,225,16,"13,43","0,84",0,1836206863,8094804412,1801,7080833333,3757205497,5297804607,786
8240_2_G,8240_2,Urban,c,meadow,b,c_b,NA,NA,NA,NA,NA,NA,NA,NA,NA,3,NA,NA,NA,NA,NA,NA,NA,NA,1,NA,NA,15254,8473333333,375897965,5297905842,539
8240_2_G,8240_2,Urban,c,meadow,b,c_b,NA,NA,NA,NA,NA,NA,NA,NA,NA,4,NA,NA,NA,NA,NA,NA,NA,NA,1,NA,NA,15254,8473333333,375897965,5297905842,539
8240_2_G,8240_2,Urban,c,meadow,b,c_b,239,2,5,187,4,34,3,0,4,5,15.05.2019,02.06.2019,135,153,144,18,"32,93","1,829444444",0,1361194298,8010435965,15254,8473333333,375897965,5297905842,539
8240_2_G,8240_2,Urban,c,meadow,b,c_b,NA,NA,NA,NA,NA,NA,NA,NA,NA,6,02.06.2019,19.06.2019,153,170,1615,17,"49,73","2,93",0,2083200694,6860728009,15254,8473333333,375897965,5297905842,539
8240_2_G,8240_2,Urban,c,meadow,b,c_b,347,6,14,220,14,68,20,1,5,7,19.06.2019,04.07.2019,170,185,1775,15,"83,6","5,57",0,2293007813,6585032031,15254,8473333333,375897965,5297905842,539
8240_2_G,8240_2,Urban,c,meadow,b,c_b,NA,NA,NA,NA,NA,NA,NA,NA,NA,8,04.07.2019,19.07.2019,185,200,1925,15,"41,63","2,78",0,1874593229,730951224,15254,8473333333,375897965,5297905842,539
8240_2_G,8240_2,Urban,c,meadow,b,c_b,292,7,7,180,11,51,23,9,5,9,19.07.2019,05.08.2019,200,217,2085,17,"99,45","5,85",0,2170972222,7487835185,15254,8473333333,375897965,5297905842,539
8240_2_G,8240_2,Urban,c,meadow,b,c_b,NA,NA,NA,NA,NA,NA,NA,NA,NA,10,05.08.2019,21.08.2019,217,233,225,16,"97,97","6,12",0,1963851716,7939907598,15254,8473333333,375897965,5297905842,539
8240_2_U,8240_2,Urban,c,settlement,d,c_d,NA,NA,NA,NA,NA,NA,NA,NA,NA,3,NA,NA,NA,NA,NA,NA,NA,NA,1,NA,NA,1537933333,8349722222,3759599597,5296972059,543
8240_2_U,8240_2,Urban,c,settlement,d,c_d,NA,NA,NA,NA,NA,NA,NA,NA,NA,4,NA,NA,NA,NA,NA,NA,NA,NA,1,NA,NA,1537933333,8349722222,3759599597,5296972059,543
8240_2_U,8240_2,Urban,c,settlement,d,c_d,302,5,10,222,6,46,12,1,4,5,15.05.2019,02.06.2019,135,153,144,18,"76,04","4,224444444",0,1294401754,7899825439,1537933333,8349722222,3759599597,5296972059,543
8240_2_U,8240_2,Urban,c,settlement,d,c_d,NA,NA,NA,NA,NA,NA,NA,NA,NA,6,02.06.2019,21.06.2019,153,172,1625,19,"98,41","5,18",0,2059822917,650300875,1537933333,8349722222,3759599597,5296972059,543
8240_2_U,8240_2,Urban,c,settlement,d,c_d,417,11,29,237,25,85,26,1,5,7,21.06.2019,04.07.2019,172,185,1785,13,"71,7","5,52",0,2296384524,6264647024,1537933333,8349722222,3759599597,5296972059,543
8240_2_U,8240_2,Urban,c,settlement,d,c_d,NA,NA,NA,NA,NA,NA,NA,NA,NA,8,04.07.2019,19.07.2019,185,200,1925,15,"44,57","2,97",0,1847317969,7042378385,1537933333,8349722222,3759599597,5296972059,543
8240_2_U,8240_2,Urban,c,settlement,d,c_d,506,21,22,311,11,120,34,3,2,9,19.07.2019,05.08.2019,200,217,2085,17,"110,62","6,51",0,2140217361,7262021759,1537933333,8349722222,3759599597,5296972059,543
8240_2_U,8240_2,Urban,c,settlement,d,c_d,NA,NA,NA,NA,NA,NA,NA,NA,NA,10,05.08.2019,21.08.2019,217,233,225,16,"129,72","8,11",0,1948779657,7577480392,1537933333,8349722222,3759599597,5296972059,543
8243_1_F,8243_1,Semi-natural,a,forest,a,a_a,NA,NA,NA,NA,NA,NA,NA,NA,NA,3,NA,NA,NA,NA,NA,NA,NA,NA,1,NA,NA,1961433333,6776944444,3787441244,5300632227,933
8243_1_F,8243_1,Semi-natural,a,forest,a,a_a,NA,NA,NA,NA,NA,NA,NA,NA,NA,4,NA,NA,NA,NA,NA,NA,NA,NA,1,NA,NA,1961433333,6776944444,3787441244,5300632227,933
8243_1_F,8243_1,Semi-natural,a,forest,a,a_a,330,2,13,234,2,51,11,0,17,5,18.05.2019,04.06.2019,138,155,1465,17,38,"2,235294118",0,1284050926,8099018056,1961433333,6776944444,3787441244,5300632227,933
8243_1_F,8243_1,Semi-natural,a,forest,a,a_a,NA,NA,NA,NA,NA,NA,NA,NA,NA,6,04.06.2019,20.06.2019,155,171,163,16,"60,62","3,79",0,1864399755,7388608088,1961433333,6776944444,3787441244,5300632227,933
8243_1_F,8243_1,Semi-natural,a,forest,a,a_a,607,13,32,372,11,120,50,1,15,7,20.06.2019,05.07.2019,171,186,1785,15,"79,6","5,31",0,1994285938,7411154427,1961433333,6776944444,3787441244,5300632227,933
8243_1_F,8243_1,Semi-natural,a,forest,a,a_a,NA,NA,NA,NA,NA,NA,NA,NA,NA,8,05.07.2019,20.07.2019,186,201,1935,15,"45,13","3,01",0,1596093229,8060551042,1961433333,6776944444,3787441244,5300632227,933
8243_1_F,8243_1,Semi-natural,a,forest,a,a_a,543,4,20,296,12,174,25,3,7,9,20.07.2019,06.08.2019,201,218,2095,17,"45,9","2,7",0,1839537037,8526555556,1961433333,6776944444,3787441244,5300632227,933
8243_1_F,8243_1,Semi-natural,a,forest,a,a_a,NA,NA,NA,NA,NA,NA,NA,NA,NA,10,06.08.2019,20.08.2019,218,232,225,14,"37,74","2,7",0,1693174444,8714380278,1961433333,6776944444,3787441244,5300632227,933
8243_1_G,8243_1,Semi-natural,a,meadow,b,a_b,NA,NA,NA,NA,NA,NA,NA,NA,NA,3,NA,NA,NA,NA,NA,NA,NA,NA,1,NA,NA,1370866667,9148611111,3792308539,5300124336,456
8243_1_G,8243_1,Semi-natural,a,meadow,b,a_b,NA,NA,NA,NA,NA,NA,NA,NA,NA,4,NA,NA,NA,NA,NA,NA,NA,NA,1,NA,NA,1370866667,9148611111,3792308539,5300124336,456
8243_1_G,8243_1,Semi-natural,a,meadow,b,a_b,297,4,11,202,9,58,10,1,4,5,18.05.2019,04.06.2019,138,155,1465,17,"65,03","3,825294118",0,1499134259,7922729167,1370866667,9148611111,3792308539,5300124336,456
8243_1_G,8243_1,Semi-natural,a,meadow,b,a_b,NA,NA,NA,NA,NA,NA,NA,NA,NA,6,04.06.2019,20.06.2019,155,171,163,16,"107,73","6,73",0,2093334314,7011181863,1370866667,9148611111,3792308539,5300124336,456
8243_1_G,8243_1,Semi-natural,a,meadow,b,a_b,370,9,17,240,11,57,29,4,9,7,20.06.2019,05.07.2019,171,186,1785,15,"83,6","5,57",0,2219131771,71228625,1370866667,9148611111,3792308539,5300124336,456
8243_1_G,8243_1,Semi-natural,a,meadow,b,a_b,NA,NA,NA,NA,NA,NA,NA,NA,NA,8,05.07.2019,20.07.2019,186,201,1935,15,"34,02","2,27",0,1849692448,757796849,1370866667,9148611111,3792308539,5300124336,456
8243_1_G,8243_1,Semi-natural,a,meadow,b,a_b,373,11,10,241,12,71,15,8,9,9,20.07.2019,06.08.2019,201,218,2095,17,"46,83","2,75",0,2102235648,7886700231,1370866667,9148611111,3792308539,5300124336,456
8243_1_G,8243_1,Semi-natural,a,meadow,b,a_b,NA,NA,NA,NA,NA,NA,NA,NA,NA,10,06.08.2019,20.08.2019,218,232,225,14,"32,25","2,3",0,1945778333,8105470556,1370866667,9148611111,3792308539,5300124336,456
8243_1_U,8243_1,Semi-natural,a,settlement,d,a_d,NA,NA,NA,NA,NA,NA,NA,NA,NA,3,NA,NA,NA,NA,NA,NA,NA,NA,1,NA,NA,12926,9150277778,3791179022,5300936894,474
8243_1_U,8243_1,Semi-natural,a,settlement,d,a_d,NA,NA,NA,NA,NA,NA,NA,NA,NA,4,NA,NA,NA,NA,NA,NA,NA,NA,1,NA,NA,12926,9150277778,3791179022,5300936894,474
8243_1_U,8243_1,Semi-natural,a,settlement,d,a_d,326,2,13,258,6,39,4,1,3,5,18.05.2019,04.06.2019,138,155,1465,17,"26,6","1,564705882",0,1557966667,7726666667,12926,9150277778,3791179022,5300936894,474
8243_1_U,8243_1,Semi-natural,a,settlement,d,a_d,NA,NA,NA,NA,NA,NA,NA,NA,NA,6,04.06.2019,20.06.2019,155,171,163,16,"45,07","2,82",0,2162385049,6857155882,12926,9150277778,3791179022,5300936894,474
8243_1_U,8243_1,Semi-natural,a,settlement,d,a_d,279,7,19,179,5,36,24,4,7,7,20.06.2019,05.07.2019,171,186,1785,15,"45,1","3,01",0,231463151,6867886198,12926,9150277778,3791179022,5300936894,474
8243_1_U,8243_1,Semi-natural,a,settlement,d,a_d,NA,NA,NA,NA,NA,NA,NA,NA,NA,8,05.07.2019,20.07.2019,186,201,1935,15,"32,59","2,17",0,1922235417,735727474,12926,9150277778,3791179022,5300936894,474
8243_1_U,8243_1,Semi-natural,a,settlement,d,a_d,378,6,8,258,5,62,23,5,10,9,20.07.2019,06.08.2019,201,218,2095,17,"19,53","1,15",0,2172675694,7748748148,12926,9150277778,3791179022,5300936894,474
8243_1_U,8243_1,Semi-natural,a,settlement,d,a_d,NA,NA,NA,NA,NA,NA,NA,NA,NA,10,06.08.2019,20.08.2019,218,232,225,14,"7,14","0,51",0,2009186667,8011626944,12926,9150277778,3791179022,5300936894,474
8343_4_F,8343_4,Semi-natural,a,forest,a,a_a,NA,NA,NA,NA,NA,NA,NA,NA,NA,3,NA,NA,NA,NA,NA,NA,NA,NA,1,NA,NA,1752933333,7549722222,3796057605,5282797139,842
8343_4_F,8343_4,Semi-natural,a,forest,a,a_a,NA,NA,NA,NA,NA,NA,NA,NA,NA,4,NA,NA,NA,NA,NA,NA,NA,NA,1,NA,NA,1752933333,7549722222,3796057605,5282797139,842
8343_4_F,8343_4,Semi-natural,a,forest,a,a_a,495,10,20,345,6,85,23,4,9,5,18.05.2019,05.06.2019,138,156,147,18,"34,65","1,925",0,1467400219,7583227632,1752933333,7549722222,3796057605,5282797139,842
8343_4_F,8343_4,Semi-natural,a,forest,a,a_a,NA,NA,NA,NA,NA,NA,NA,NA,NA,6,05.06.2019,20.06.2019,156,171,1635,15,"47,97","3,2",0,2070676563,6473932031,1752933333,7549722222,3796057605,5282797139,842
8343_4_F,8343_4,Semi-natural,a,forest,a,a_a,385,23,22,202,7,94,50,2,4,7,20.06.2019,05.07.2019,171,186,1785,15,"62,9","4,19",0,2224380469,6666856771,1752933333,7549722222,3796057605,5282797139,842
8343_4_F,8343_4,Semi-natural,a,forest,a,a_a,NA,NA,NA,NA,NA,NA,NA,NA,NA,8,05.07.2019,20.07.2019,186,201,1935,15,"30,31","2,02",0,1734122135,7631577865,1752933333,7549722222,3796057605,5282797139,842
8343_4_F,8343_4,Semi-natural,a,forest,a,a_a,572,17,16,363,12,122,36,5,14,9,20.07.2019,05.08.2019,201,217,209,16,"54,51","3,41",0,2060245343,7673776225,1752933333,7549722222,3796057605,5282797139,842
8343_4_F,8343_4,Semi-natural,a,forest,a,a_a,NA,NA,NA,NA,NA,NA,NA,NA,NA,10,05.08.2019,21.08.2019,217,233,225,16,"52,23","3,26",0,1855059559,8007330392,1752933333,7549722222,3796057605,5282797139,842
8343_4_G,8343_4,Semi-natural,a,meadow,b,a_b,NA,NA,NA,NA,NA,NA,NA,NA,NA,3,NA,NA,NA,NA,NA,NA,NA,NA,1,NA,NA,15562,8644722222,3798803575,5284435484,597
8343_4_G,8343_4,Semi-natural,a,meadow,b,a_b,NA,NA,NA,NA,NA,NA,NA,NA,NA,4,NA,NA,NA,NA,NA,NA,NA,NA,1,NA,NA,15562,8644722222,3798803575,5284435484,597
8343_4_G,8343_4,Semi-natural,a,meadow,b,a_b,436,5,15,280,14,109,5,2,7,5,18.05.2019,05.06.2019,138,156,147,18,"26,05","1,447222222",0,1428539035,8111748684,15562,8644722222,3798803575,5284435484,597
8343_4_G,8343_4,Semi-natural,a,meadow,b,a_b,NA,NA,NA,NA,NA,NA,NA,NA,NA,6,05.06.2019,20.06.2019,156,171,1635,15,"59,39","3,96",0,1967152344,718988125,15562,8644722222,3798803575,5284435484,597
8343_4_G,8343_4,Semi-natural,a,meadow,b,a_b,453,8,19,271,20,94,33,8,5,7,20.06.2019,05.07.2019,171,186,1785,15,"93,5","6,23",0,2122273698,8181480729,15562,8644722222,3798803575,5284435484,597
8343_4_G,8343_4,Semi-natural,a,meadow,b,a_b,NA,NA,NA,NA,NA,NA,NA,NA,NA,8,05.07.2019,20.07.2019,186,201,1935,15,"57,84","3,86",0,1743914583,9522547656,15562,8644722222,3798803575,5284435484,597
8343_4_G,8343_4,Semi-natural,a,meadow,b,a_b,433,19,14,241,16,106,28,17,4,9,20.07.2019,05.08.2019,201,217,209,16,"81,42","5,09",0,1980496814,9735594608,15562,8644722222,3798803575,5284435484,597
8343_4_G,8343_4,Semi-natural,a,meadow,b,a_b,NA,NA,NA,NA,NA,NA,NA,NA,NA,10,05.08.2019,21.08.2019,217,233,225,16,"36,91","2,31",0,1823396814,100,15562,8644722222,3798803575,5284435484,597
